code_maison;cct;third_party_num;sage_vat_by_default;center_purchase;sign_board;integrable;chargeable;credit_account;debit_account;opening_date;immeuble;adresse;code_postal;ville;email;PAYSX3;Intitulé Compta;IntituleCourt;Type Affaire
;ACAH001;ACAH001;031;ACF;ACF;1;1;411800;418800;2010-02-18;;CHEMIN DE LA FALAISE 15;1196;GLAND;"magali.bouvarel@acuitis.com; arnaud.dubugnon@acuitis.com; comptabilite@acuitis.com";CH;ACUITIS HOLDING;HOLDING;Succursale
;ACAL001;ACAL001;010;ACF;ACF;1;1;411800;418800;2019-01-11;;34 38 AVE DE LA LIBERTE;L1930;LUXEMBOURG;"salima.chakouki@acuitis.com; laurent.branckaert@acuitis.com; comptabilite@acuitis.com";LU;ACUITIS Luxembourg;Acuitis LUX;Succursale
;ACAL002;ACAL002;010;ACF;ACF;1;1;411800;418800;2015-11-10;;20 RUE PHILIPPE II;2340;LUXEMBOURG;"salima.chakouki@acuitis.com; laurent.branckaert@acuitis.com; comptabilite@acuitis.com";LU;SERVICE PHOTO;SERVICE PHOTO;Succursale
;ACAL003;HANS001;010;ACF;ACF;1;1;411800;418800;2013-12-12;;13 RUE BEAUMONT;L-1219;LUXEMBOURG;"salima.chakouki@acuitis.com; comptabilite@acuitis.com";LU;OPTIK HANSEN;OPTIK HANSEN;Succursale
;ACAS001;ACAS001;031;ACF;ACF;1;1;411800;418800;2019-04-15;;5 RUE DE LA MORACHE;1260;NYON;"magali.bouvarel@acuitis.com; arnaud.dubugnon@acuitis.com; comptabilite@acuitis.com";CH;ACUITIS SUISSE SA;SUISSE SA;Succursale
;ACO001;ACOU001;031;ACF;ACF;1;1;411800;418800;2020-01-01;;RUE DE NEUCHÂTEL 40A;1400;YVERDON-LES-BAINS;"magali.bouvarel@acuitis.com; arnaud.dubugnon@acuitis.com; comptabilite@acuitis.com";CH;ACOUSTICENTRE YVERDON;YVERDON;Succursale
;ACO002;ACOU001;031;ACF;ACF;1;1;411800;418800;2020-01-01;;GRAND-RUE 15;1350;ORBE;"magali.bouvarel@acuitis.com; arnaud.dubugnon@acuitis.com; comptabilite@acuitis.com";CH;ACOUSTICENTRE ORBE;ORBE;Succursale
;ACO003;ACOU001;031;ACF;ACF;1;1;411800;418800;2020-01-01;;BOULEVARD DE PÉROLLES 13;1700;FRIBOURG;"magali.bouvarel@acuitis.com; arnaud.dubugnon@acuitis.com; comptabilite@acuitis.com";CH;ACOUSTICENTRE FRIBOURG;FRIBOURG;Succursale
;ACO004;ACOU001;031;ACF;ACF;1;1;411800;418800;2020-01-01;;PLACE DU MARCHÉ 8A;2300;LA CHAUX-DE-FONDS;"magali.bouvarel@acuitis.com; arnaud.dubugnon@acuitis.com; comptabilite@acuitis.com";CH;ACOUSTICENTRE LA CHAUX DE FONDS;CHAUX;Succursale
;ACO005;ACOU001;031;ACF;ACF;1;1;411800;418800;2020-01-01;;AVENUE DE LA GARE 11;1920;MARTIGNY;"magali.bouvarel@acuitis.com; arnaud.dubugnon@acuitis.com; comptabilite@acuitis.com";CH;ACOUSTICENTRE MARTIGNY;MARTIGNY;Succursale
;ACO006;ACOU001;031;ACF;ACF;1;1;411800;418800;2020-01-01;;PASSERELLE DU GRAND-PONT 5;1003;LAUSANNE;"magali.bouvarel@acuitis.com; arnaud.dubugnon@acuitis.com; comptabilite@acuitis.com";CH;ACOUSTICENTRE LAUSANNE;LAUSANNE;Succursale
;ACO007;ACOU001;031;ACF;ACF;1;1;411800;418800;2020-01-01;;RUE DE VEVEY 10;1630;BULLE;"magali.bouvarel@acuitis.com; arnaud.dubugnon@acuitis.com; comptabilite@acuitis.com";CH;ACOUSTICENTRE BULLE;BULLE;Succursale
;ACO008;ACOU001;031;ACF;ACF;1;1;411800;418800;2020-01-01;;RUE DES GRANGES 24;1530;PAYERNE;"magali.bouvarel@acuitis.com; arnaud.dubugnon@acuitis.com; comptabilite@acuitis.com";CH;ACOUSTICENTRE PAYERNE;PAYERNE;Succursale
;ACO009;ACOU001;031;ACF;ACF;1;1;411800;418800;2020-01-01;;AVENUE DE LA GARE 1;3960;SIERRE;"magali.bouvarel@acuitis.com; arnaud.dubugnon@acuitis.com; comptabilite@acuitis.com";CH;ACOUSTICENTRE SIERRE;SIERRE;Succursale
001;AF0001;ACAS001;031;ACF;ACF;1;1;411800;418800;2010-02-18;;18 PLACE LONGEMALLE;1240;GENEVE;"magali.bouvarel@acuitis.com; arnaud.dubugnon@acuitis.com; comptabilite@acuitis.com";CH;ACUITIS GENEVE;GENEVE;Succursale
002;AF0002;ACAL001;010;ACF;ACF;1;1;411800;418800;2011-03-25;Centre Commercial Kirchberg;2 Rue Alphonse Weicker;L2146;LUXEMBOURG;"salima.chakouki@acuitis.com; laurent.branckaert@acuitis.com; comptabilite@acuitis.com";LU;ACUITIS KIRCHBERG;KIRCHBERG;Succursale
003;AF0003;ACAL001;010;ACF;ACF;1;1;411800;418800;2011-11-03;Place de Paris;34-38 Avenue de la Liberté;L-1930;LUXEMBOURG;"salima.chakouki@acuitis.com; laurent.branckaert@acuitis.com; comptabilite@acuitis.com";LU;ACUITIS PLACE DE PARIS;PLACEDEPARIS;Succursale
004;AF0004;ACAS001;031;ACF;ACF;1;1;411800;418800;2012-03-17;;5 rue de la Morâche;1260;NYON - SUISSE;"magali.bouvarel@acuitis.com; arnaud.dubugnon@acuitis.com; comptabilite@acuitis.com";CH;ACUITIS NYON;NYON;Succursale
005;AF0005;ACAL001;010;ACF;ACF;1;1;411800;418800;2013-05-22;"Shopping Center "" La Belle Etoile """;Route d'Arlon - Bertrange -;L-8050;LUXEMBOURG;"salima.chakouki@acuitis.com; laurent.branckaert@acuitis.com; comptabilite@acuitis.com";LU;ACUITIS BELLE ETOILE;BELLE ETOILE;Succursale
006;AF0006;ACAS001;031;ACF;ACF;1;1;411800;418800;2014-04-02;;RUE DE LAUSANNE 12;1950;SION;"magali.bouvarel@acuitis.com; arnaud.dubugnon@acuitis.com; comptabilite@acuitis.com";CH;ACUITIS SION;SION;Succursale
007;AF0007;ACAS001;031;ACF;ACF;1;1;411800;418800;2014-09-16;;GRANDE RUE 55;1110;MORGES;"magali.bouvarel@acuitis.com; arnaud.dubugnon@acuitis.com; comptabilite@acuitis.com";CH;ACUITIS MORGES;MORGES;Succursale
008;AF0008;ACAS001;031;ACF;ACF;1;1;411800;418800;2015-02-02;CENTRE COMMERCIALE METROPOLE;RUE DES TERREAUX 25;1003;LAUSANNE;"magali.bouvarel@acuitis.com; arnaud.dubugnon@acuitis.com; comptabilite@acuitis.com";CH;ACUITIS LAUSANNE;LAUSANNE;Succursale
009;AF0009;ACAS001;031;ACF;ACF;1;1;411800;418800;2017-07-05;CC BALEXERT NIVEAU 1;AVENUE LOUIS CASAI 27;1211;GENEVE;"magali.bouvarel@acuitis.com; arnaud.dubugnon@acuitis.com; comptabilite@acuitis.com";CH;ACUITIS BALEXERT;BALEXERT;Succursale
010;AF0010;ACAS001;031;ACF;ACF;1;1;411800;418800;2017-11-03;;RUE DU SIMPLON 50;1800;VEVEY;"magali.bouvarel@acuitis.com; arnaud.dubugnon@acuitis.com; comptabilite@acuitis.com";CH;ACUITIS VEVEY;VEVEY;Succursale
011;AF0011;AF0011;010;ACF;ACF;1;1;411000;418000;2017-09-07;Centre Commercial BORDERS, rue Schengerwiss;6, Schengerwiss;L-5439;REMERSCHEN;"salima.chakouki@acuitis.com; laurent.branckaert@acuitis.com; comptabilite@acuitis.com; thomas.boccabella@acuitis.com; julien.esch@acuitis.com";LU;ACUITIS SCHENGEN;SCHENGEN;Franchise
012;AF0012;ACAL001;010;ACF;ACF;1;1;411800;418800;2017-10-26;CENTRE COMMERCIAL OPKORN;1, BOULEVARD EMILE KRIEPS;L-4530;DIFFERDANGE;"salima.chakouki@acuitis.com; comptabilite@acuitis.com";LU;ACUITIS DIFFERDANGE;DIFFERDANGE;Succursale
013;AF0013;ACAL001;010;ACF;ACF;1;1;411800;418800;2017-11-07;CENTRE COMMERCIAL CACTUS;320 Z.I. SCHELECK III;L-3225;BETTEMBOURG;"salima.chakouki@acuitis.com; comptabilite@acuitis.com";LU;ACUITIS BETTEMBOURG  transféré en AF0019;BETTEMBOURG  ;Succursale
014;AF0014;AF0014;010;ACF;ACF;1;1;411000;418000;2018-02-09;Westland Shopping Center;Boulevard Sylvain Dupuis 347;1070;ANDERLECHT;"salima.chakouki@acuitis.com; ats.cabinet@gmail.com; comptabilite@acuitis.com; saidi.wiam@gmail.com; nawal.saidi@acuitis.com;";BE;ACUITIS WESTLAND;WESTLAND;Franchise
015;AF0015;ACAS001;031;ACF;ACF;1;1;411800;418800;2018-02-15;;RUE DE LA FLEUR DE LYS 26;2074;MARIN EPAGNIER;"magali.bouvarel@acuitis.com; arnaud.dubugnon@acuitis.com; comptabilite@acuitis.com";CH;ACUITIS MARIN CENTRE;MARIN CENTRE;Succursale
016;AF0016;ACAS001;031;ACF;ACF;1;1;411800;418800;2018-04-27;;rue du Seyon 6;2000;NEUCHATEL;"magali.bouvarel@acuitis.com; arnaud.dubugnon@acuitis.com; comptabilite@acuitis.com";CH;ACUITIS NEUCHATEL;NEUCHATEL;Succursale
017;AF0017;ACAL001;010;ACF;ACF;1;1;411800;418800;2018-11-15;CENTRE COMMERCIAL CITY CONCORDE;80 ROUTE DE LONGWY;L-8060;BERTRANGE;"salima.chakouki@acuitis.com; laurent.branckaert@acuitis.com; comptabilite@acuitis.com";LU;ACUITIS CONCORDE;CONCORDE;Succursale
018;AF0018;ACAL001;010;ACF;ACF;1;1;411800;418800;2019-05-28;;RUE ALBERT EINSTEIN;L-1484;LUXEMBOURG;"salima.chakouki@acuitis.com; laurent.branckaert@acuitis.com; comptabilite@acuitis.com";LU;ACUITIS CLOCHE D'OR;CLOCHE D'OR;Succursale
019;AF0019;AF0019;010;ACF;ACF;1;1;411000;418000;2021-04-01;;320 ZAE WOLSER A;L3225;BETTEMBOURG;"selma.gok@acuitis.com; ophelie.fuster@acuitis.com; comptabilite@acuitis.com; salima.chakouki@acuitis.com";LU;ACUITIS BETTEMBOURG F;BETTEMBOURG F;Franchise
020;AF0020;AF0020;010;ACF;ACF;1;1;411000;418000;2023-01-01;CENTRE COMMERCIAL CACTUS;RUE DE STRACHEN;L-6933;MENSDORF;"comptabilite@acuitis.com; salima.chakouki@acuitis.com; julien.esch@acuitis.com";LU;ACUITIS ROODT SUR SYRE;ROODT SUR SYR;Franchise
101;AF0101;AF0101;001;ACF;ACF;1;1;411000;418000;2010-07-03;;117 Rue de Rennes;75006;PARIS;"elliott.fisher@acuitis.com; comptabilite@acuitis.com";FR;ACUITIS PARIS RENNES;PARIS RENNES;Succursale
102;AF0102;AF0102;001;ACF;ACF;1;1;411000;418000;2010-06-29;;82 Rue Saint-Lazare;75009;PARIS;"marie.buleon@acuitis.com; comptabilite@acuitis.com";FR;ACUITIS SAINT LAZARE transféré en AF0580;SAINT LAZARE ;Succursale
103;AF0103;AF0103;001;ACF;ACF;1;1;411000;418000;2011-01-04;1 Avenue des Ternes;49 Avenue de Wagram;75017;PARIS;"comptabilite@acuitis.com; josette.lahoud@acuitis.com";FR;ACUITIS PARIS TERNES;PARIS TERNES;Succursale
104;AF0104;AF0104;001;ACF;ACF;1;1;411000;418000;2010-10-30;Centre Commercial Italie 2;20-30 Avenue d'Italie;75013;PARIS;"ludwig.abrahmi@acuitis.com; italie2@acuitis.com; comptabilite@acuitis.com";FR;ACUITIS PARIS Italie DEUX;PARIS Italie ;Succursale
105;AF0105;AF0105;001;ACF;ACF;1;1;411000;418000;2010-12-23;Centre Commercial Nice Etoile;30 Avenue Jean Médecin;6000;NICE;"georges.hardouin@acuitis.com; comptabilite@acuitis.com";FR;ACUITIS NICE ETOILE;NICE ETOILE;Succursale
106;AF0106;AF0106;001;ACF;ACF;1;1;411000;418000;2011-12-22;CC Bonneveine - BP 1000;112, avenue de Hambourg;13272;MARSEILLE Cedex 08;"cedric.lazzeri@acuitis.com; comptabilite@acuitis.com";FR;ACUITIS MARSEILLE BONNEVEINE;BONNEVEINE;Succursale
107;AF0107;AF0107;001;ACF;ACF;1;1;411000;418000;2016-07-28;;56 RUE DE SEVRES;75007;PARIS;"comptabilite@acuitis.com; xavier.desfougeres@acuitis.com";FR;ACUITIS PARIS RUE DE SEVRES;PARIS RUE DE ;Succursale
108;AF0108;AF0108;001;ACF;ACF;1;1;411000;418000;2016-11-25;;CC DES 4 PAVILLONS;33310;LORMONT;comptabilite@acuitis.com;FR;ACUITIS BORDEAUX LORMONT transféré en AF0562;BORDEAUX LORM;Succursale
109;AF0109;AF0109;001;ACF;ACF;1;1;411000;418000;2017-02-24;;19 RUE MADELEINE MICHELIS;92200;NEUILLY SUR SEINE;"comptabilite@acuitis.com; nathalie.berthelot@acuitis.com";FR;ACUITIS NEUILLY   transféré en AF0574;NEUILLY   tra;Succursale
110;AF0110;AF0110;001;ACF;ACF;1;1;411000;418000;2017-04-14;;33 AVENUE DU GENERAL LECLERC;75014;PARIS;"comptabilite@acuitis.com; nathalie.foucault@acuitis.com";FR;ACUITIS PARIS GENERAL LECLERC;PARIS GENERAL;Succursale
111;AF0111;AF0111;001;ACF;ACF;1;1;411000;418000;2017-06-01;;93 A 107 RUE DU GAL DE GAULLE;94130;NOGENT SUR MARNE;comptabilite@acuitis.com;FR;ACUITIS NOGENT SUR MARNE  transféré en AF0550;NOGENT SUR MA;Succursale
112;AF0112;AF0112;001;ACF;ACF;1;1;411000;418000;2017-06-08;;CC MONTHIEU;42000;SAINT ETIENNE;"comptabilite@acuitis.com; stephanie.waisse@acuitis.com";FR;ACUITIS ST ETIENNE;ST ETIENNE;Succursale
113;AF0113;AF0113;001;ACF;ACF;1;1;411000;418000;2017-12-15;;62 RUE ESQUERMOISE;59800;LILLE;"comptabilite@acuitis.com; lille@acuitis.com; sophie.debacker@acuitis.com";FR;ACUITIS LILLE ESQUERMOISE transféré AF0583;LILLE ESQUERM;Succursale
114;AF0114;AF0114;001;ACF;ACF;1;1;411000;418000;2017-11-22;;RUE DES MESSAGERIES;58000;METZ;"maud.gerardin@acuitis.com; comptabilite@acuitis.com; yves.janssen@acuitis.com";FR;ACUITIS METZ MUSE;ACUITIS MUSE;Succursale
115;AF0115;AF0115;001;ACF;ACF;1;1;411000;418000;2018-10-24;;LE HAUT DE GALY;93600;AULNAY SOUS BOIS;"comptabilite@acuitis.com; nabil.tabti@acuitis.com";FR;ACUITIS O'PARINOR;O'PARINOR;Succursale
116;AF0116;AF0116;001;ACF;ACF;1;1;411000;418000;2021-01-01;;84 RUE RAMBUTEAU;75001;PARIS;"comptabilite@acuitis.com; flavien.soulard@acuitis.com;";FR;ACUITIS PARIS RAMBUTEAU;PARIS RAMBUTE;Succursale
301;AF0301;AF0301;010;ACF;ACF;1;1;411000;418000;2017-10-01;;CORSO SEMPIONE, 4;20154;MILANO (MI);"comptabilite@acuitis.com; giada.tempestini@netcityitalia.com;  ammin@netcityitalia.com";IT;ACUITIS GALLARATE fermé;GALLARATE fer;Franchise
302;AF0302;AF0302;010;ACF;ACF;1;1;411000;418000;2017-11-01;;CORSO SEMPIONE, 4;20154;MILANO (MI);"comptabilite@acuitis.com; giada.tempestini@netcityitalia.com";IT;ACUITIS  GALLARATE fermé; GALLARATE fe;Franchise
303;AF0303;AF0303;010;ACF;ACF;1;1;411000;418000;2019-06-06;;Via Manzoni, 13;21013;GALLARATE;"luca.cucchiara@acuitis.com; comptabilite@acuitis.com";IT;ACUITIS  GALLARATE;GALLARATE;Franchise
350;AF0350;AF0350;010;ACF;ACF;1;1;411000;418000;2020-11-02;;AVENIDA DEL CID, 7;46018;VALENCIA;"comptabilite@acuitis.com; anfemenia@gmail.com; Fernando.martinez@acuitis.com";ES;ACUITIS VALENCIA transféré AF0354;VALENCIA tran;Franchise
351;AF0351;AF0354;010;ACF;ACF;1;1;411000;418000;2021-05-13;;CARRES RIBARROJA 52;46940;MANISES;"comptabilite@acuitis.com; anfemenia@gmail.com; Fernando.martinez@acuitis.com; rosa.garcia@acuitis.com";ES;ACUITIS MANISES;MANISES;Franchise
352;AF0352;AF0354;010;ACF;ACF;1;1;411000;418000;2021-05-21;;CALLE MOLMINO 12;46183;LA ELIANA;"comptabilite@acuitis.com; anfemenia@gmail.com; Fernando.martinez@acuitis.com; rosa.garcia@acuitis.com";ES;ACUITIS LA ELIANA;LA ELIANA;Franchise
353;AF0353;AF0354;010;ACF;ACF;1;1;411000;418000;2021-06-02;;AV D AUSUAS MARCH 34;46970;ALAQUAS;"comptabilite@acuitis.com; anfemenia@gmail.com; Fernando.martinez@acuitis.com";ES;ACUITIS ALAQUAS;ALAQUAS;Franchise
354;AF0354;AF0354;010;ACF;ACF;1;1;411000;418000;2022-01-01;;AVENIDA DEL CID, 7;46018;VALENCIA;"comptabilite@acuitis.com; anfemenia@gmail.com; Fernando.martinez@acuitis.com";ES;ACUITIS VALENCIA;VALENCIA;Franchise
401;AF0401;AF0401;031;ACF;ACF;1;1;411000;418000;2017-03-24;;19 20 TOTTENHAM COURT ROAD;W1T1BJ;LONDON;"comptabilite@acuitis.com; steve.fleming@acuitis.com; accountsacuitisuk@acuitis.com; georgina@graccountancy.co.uk; g.aitkass@sensee.com";GB;ACUITIS TOTTENHAM COURT fermé;TOTTENHAM COU;Franchise
402;AF0402;AF0402;031;ACF;ACF;1;1;411000;418000;2017-07-21;CENTRE COMMERCIAL MK;30 SILBURY BLD - MILTON KEYNES;MK9 3AG;BUCKINGHAMSHIRE;"comptabilite@acuitis.com; accounts@acuitis.co.uk; steve.fleming@acuitis.com";GB;ACUITIS MILTON KEYNES fermé;MILTON KEYNES;Franchise
403;AF0403;AF0403;010;ACF;ACF;1;1;411000;418000;2017-10-04;UNIT 32, 252, THE WESTGATE, QUEEN STREET,;OXFORD, OXFORDSHIRE, OX1 1PE;GB;OXFORD;"comptabilite@acuitis.com; accounts@acuitis.co.uk; steve.fleming@acuitis.com";GB;ACUITIS OXFORD fermé;OXFORD FERME;Franchise
404;AF0404;AF0404;031;ACF;ACF;1;1;411000;418000;2020-12-05;193 HIGH STREET;Acuitis optical and hearing Exeter Ltd;EX4 3DU;EXETER;"comptabilite@acuitis.com; steve.fleming@acuitis.com; accountsacuitisuk@acuitis.com; georgina@graccountancy.co.uk; g.aitkass@sensee.com";GB;ACUITIS OPTICAL & HEARING EXETER LTD;OPTICAL & HEA;Franchise
405;AF0405;AF0405;031;ACF;ACF;1;1;411000;418000;2021-06-25;;192 HIGH STREET;LN5 7AL;LINCOLN;"comptabilite@acuitis.com; georgina@graccountancy.co.uk; steve.fleming@acuitis.com; accountsacuitisuk@acuitis.com; g.aitkass@sensee.com";GB;ACUITIS LINCOLN;LINCOLN;Franchise
406;AF0406;AF0406;010;ACF;ACF;1;1;411000;418000;2022-07-11;;35 COONEY STREET;YO1 9QL;YORK;"comptabilite@acuitis.com; g.aitkass@sensee.com; georgina@graccountancy.co.uk";GB;ACUITIS YORK;YORK;Franchise
501;AF0501;AF0501;001;ACF;ACF;1;1;411000;418000;2010-05-20;CC DOCKS VAUBAN;70 QUAI FRISSARD;76600;LE HAVRE;"jerome.entrevue@live.fr; comptabilite@acuitis.com; romain.boidin@acuitis.com; maxime.chenot@acuitis.com";FR;ACUITIS LE HAVRE;VAUBAN;Franchise
502;AF0502;AF0502;001;ACF;ACF;1;1;411000;418000;2011-03-04;;7 RUE DES COCHES;78100;ST GERMAIN-EN-LAYE;"vincent.berthelot@acuitis.com; edouard.garreau@acuitis.com; comptabilite@acuitis.com";FR;ACUITIS ST GERMAIN EN LAYE;STGERMAINLAYE;Franchise
503;AF0503;SDOAF;001;ACF;ACF;1;1;411800;418800;2011-08-17;CC La Part-Dieu - Niveau 3 C5;17 Rue du Docteur Bouchut;69431;LYON Cedex  03;"comptabilite@acuitis.com; nicolas.rigaudiere@acuitis.com";FR;ACUITIS LYON PART DIEU;LYONPARTDIEU;Succursale
504;AF0504;SDOAF;001;ACF;ACF;1;1;411800;418800;2012-04-06;CC Maine-Montparnasse;10, rue du Départ (adresse livraison);75015;PARIS;"comptabilite@acuitis.com;";FR;ACUITIS PARIS MONTPARNASSE fermé;PARIS MONTPAR;Succursale
505;AF0505;AF0505;001;ACF;ACF;1;1;411000;418000;2012-04-27;RUE ROBERT SCHUMAN;PARC D ACTIVITES LA PEYRIERE;34430;ST JEAN DE VEDAS;"philippe.bord@acuitis.com; comptabilite@acuitis.com; guilhem.rault@acuitis.com";FR;ACUITIS ST JEAN DE VEDAS;STJEANDEVEDAS;Franchise
506;AF0506;AF0506;001;ACF;ACF;1;1;411000;418000;2012-07-19;;24, avenue de Grammont;37000;TOURS;"aziz.rouabhi@acuitis.com; comptabilite@acuitis.com; MBRIALIX@valdeloire.cerfrance.fr";FR;ACUITIS TOURS;TOURS;Franchise
507;AF0507;AF0507;001;ACF;ACF;1;1;411000;418000;2012-08-07;CC VAL D EUROPE NIVEAU BAS;ESP 610 14 CRS DU DANUBE;77700;SERRIS;"jeremy.gachet@acuitis.com; comptabilite@acuitis.com";FR;ACUITIS VAL D'EUROPE;VAL DEUROPE;Franchise
508;AF0508;AF0508;001;ACF;ACF;1;1;411000;418000;2012-08-22;17 RUE DU PÈRE LOUIS DE JABRUN;CC SAINT CHRISTOLY;33000;BORDEAUX;"tom.ogara@acuitis.com; comptabilite@acuitis.com; B.RUBAN@extencia.fr";FR;ACUITIS BORDEAUX ST CHRISTOLY;BORDEAUXSTCHR;Franchise
509;AF0509;SDOAF;001;ACF;ACF;1;1;411800;418800;2012-09-28;CC Nice Cap 3000 - RDC - Local N° 7;Avenue Eugène Donadeï;6700;ST LAURENT DU VAR;"coralie.malterre@acuitis.com; comptabilite@acuitis.com";FR;ACUITIS NICE CAP 3000;NICE CAP 3000;Succursale
510;AF0510;SDOAF;001;ACF;ACF;1;1;411800;418800;2012-10-17;CC SO OUEST;21-39 RU D ALSACE NIVEAU BAS;92300;LEVALLOIS PERRET;"farid.ouazene@acuitis.com; comptabilite@acuitis.com; louise.darnault@acuitis.com";FR;ACUITIS LEVALLOIS SO OUEST;LEVALLOIS SO ;Succursale
511;AF0511;AF0511;001;ACF;ACF;1;1;411000;418000;2012-12-06;;100 Rue St Dizier;54000;NANCY;"a.fontaine@arthex-ec.fr; geraldine.cottin@acuitis.com; comptabilite@acuitis.com; s.cesbron@arthex-ec.fr";FR;ACUITIS NANCY;NANCY;Franchise
512;AF0512;SDOAF;001;ACF;ACF;1;1;411800;418800;2013-01-17;Centre Commercial Place des Halles;2 Quai Kléber, Niveau Bas;67000;STRASBOURG;comptabilite@acuitis.com;FR;ACUITIS STRASBOURG LES HALLES transféré en AF0564;STRASBOURG LE;Succursale
513;AF0513;AF0513;001;ACF;ACF;1;1;411000;418000;2013-06-13;;CC RIVES D ARCINS;33324;BEGLES;"matthieu.raffray@acuitis.com; tom.ogara@acuitis.com; B.RUBAN@extencia.fr";FR;ACUITIS BORDEAUX BEGLES;BORDEAUXBEGLE;Franchise
514;AF0514;AF0514;001;ACF;ACF;1;1;411000;418000;2013-07-11;;2 PLACE NAPOLEON;85000;LA ROCHE SUR YON;"vincent.barbotteau@acuitis.com; david.bouillaud@acuitis.com; comptabilite@acuitis.com";FR;ACUITIS LA ROCHE SUR YON;LAROCHESURYON;Franchise
515;AF0515;AF0515;001;ACF;ACF;1;1;411000;418000;2013-09-13;;3, Boulevard du Jeu de Paume;34000;MONTPELLIER;"cathy.charton@acuitis.com; comptabilite@acuitis.com";FR;ACUITIS MONTPELLIER Centre fermé;MONTPELLIER C;Franchise
516;AF0516;AF0516;001;ACF;ACF;1;1;411000;418000;2013-12-05;;448 RUE JEAN JAURES;83000;TOULON;"francois.blanc@acuitis.com; florence.jeay@acuitis.com; comptabilite@acuitis.com";FR;ACUITIS TOULON;TOULON;Franchise
517;AF0517;AF0517;001;ACF;ACF;1;1;411000;418000;2014-02-14;;20, avenue Malaussena;6100;NICE;"marc.liebert@acuitis.com; yves.napolier@acuitis.com; comptabilite@acuitis.com; jean-charles.agu@acuitis.com";FR;ACUITIS NICE MALAUSSENA;NICEMALAUSSEN;Franchise
518;AF0518;AF0518;001;ACF;ACF;1;1;411000;418000;2014-05-02;CENTRE COMMERCIAL AUCHAN ESPACE GRAMONT;2 CHEMIN DE GABARDIE;31200;TOULOUSE;"frederic.hibert@acuitis.com; comptabilite@acuitis.com; hadrien.vermes@acuitis.com";FR;ACUITIS TOULOUSE;TOULOUSE;Franchise
519;AF0519;SDOAF;001;ACF;ACF;1;1;411800;418800;2014-07-18;Centre Commercial Terrasses du Port ;9 QUAI DU LAZARET;13002;MARSEILLE;"christine.amar@acuitis.com; comptabilite@acuitis.com";FR;ACUITIS MARSEILLE TERRASSES du PORT;MARSEILLE TER;Succursale
520;AF0520;AF0520;001;ACF;ACF;1;1;411000;418000;2014-10-31;;44 RUE DES GRANDES ARCADES;67000;STRASBOURG;"comptabilite@acuitis.com; jean-michel.demay@acuitis.com";FR;ACUITIS STRASBOURG ARCADES;STRASBOURG AR;Franchise
521;AF0521;AF0521;001;ACF;ACF;1;1;411000;418000;2015-03-20;Centre Commercial  St Max Avenue;201, rue des Girondins;60720;SAINT MAXIMIN;"caroline.delambre@acuitis.com; comptabilite@acuitis.com";FR;ACUITIS ST MAXIMIN;ST MAXIMIN;Franchise
522;AF0522;AF0522;001;ACF;ACF;1;1;411000;418000;2015-07-17;;33 BIS RUE DE LA TETE D OR;57000;METZ;"yves.janssen@acuitis.com; metz@acuitis.com; comptabilite@acuitis.com";FR;ACUITIS METZ;METZ;Franchise
523;AF0523;AF0523;001;ACF;ACF;1;1;411000;418000;2015-10-23;;2 SQUARE D ELBEE;85300;CHALLANS;"comptabilite@acuitis.com; vincent.barbotteau@acuitis.com; david.bouillaud@acuitis.com";FR;ACUITIS CHALLANS;CHALLANS;Franchise
524;AF0524;AF0524;001;ACF;ACF;1;1;411000;418000;2015-11-25;CC DU JEU DE PAUMES;4 BLD ST ANDRE;60000;BEAUVAIS;"amele.romdane@acuitis.com; comptabilite@acuitis.com; sblais@plc-conseil.fr";FR;ACUITIS BEAUVAIS;BEAUVAIS;Franchise
525;AF0525;AF0525;001;ACF;ACF;1;1;411000;418000;2015-11-27;;CC AVARICUM;18000;BOURGES;"marc.dumortier@acuitis.com; comptabilite@acuitis.com; philippe.noublanche@assistance-conseil.com; johan.lauwerie@acuitis.com";FR;ACUITIS BOURGES;BOURGES;Franchise
526;AF0526;AF0526;001;ACF;ACF;1;1;411000;418000;2016-04-27;MA PETITE MADELEINE;AVE DU GRAND SUD;37170;CHAMBRAY LES TOURS;"thibault.crambert@acuitis.com; yvan.corven@acuitis.com; comptabilite@acuitis.com";FR;ACUITIS CHAMBRAY LES TOURS;CHAMBRAY LES ;Franchise
527;AF0527;AF0527;001;ACF;ACF;1;1;411000;418000;2016-10-26;2 - 4 AVENUE DU PORTOU;CC IKEA BAYONNE AMETZONDO;64990;SAINT PIERRE D IRUBE;"comptabilite@acuitis.com; jerome.mano@acuitis.com";FR;ACUITIS BAYONNE;BAYONNE;Franchise
528;AF0528;AF0528;001;ACF;ACF;1;1;411000;418000;2016-12-09;;7 RUE GUEPIN;44000;NANTES;"comptabilite@acuitis.com; pierre-hugues.auradou@acuitis.com; christophe.gaillard@acuitis.com; cd@ac-ec.pro;";FR;ACUITIS NANTES;NANTES;Franchise
529;AF0529;AF0529;001;ACF;ACF;1;1;411000;418000;2016-12-23;ZI DE KERYADO;ANGLE DES RUES COLONEL LE BARILLAC ET E PUJOL;56100;LORIENT;"justine.gourlaouen@acuitis.com; elvina.ligavant@acuitis.com; comptabilite@acuitis.com";FR;ACUITIS LORIENT;LORIENT;Franchise
530;AF0530;AF0530;001;ACF;ACF;1;1;411000;418000;2017-03-10;;28 RUE DES FEBVRES;25200;MONTBELIARD;"nathalie.bazin@acuitis.com; comptabilite@acuitis.com; remeyer@wanadoo.fr";FR;ACUITIS MONTBELIARD;MONTBELIARD;Franchise
531;AF0531;AF0531;001;ACF;ACF;1;1;411000;418000;2017-05-22;;4 RUE THEODORE DUBOIS;51100;REIMS;"comptabilite@acuitis.com; catherine.tana@acuitis.com; salim.assmi@nordestcompta.com";FR;ACUITIS REIMS;REIMS;Franchise
532;AF0532;AF0532;001;ACF;ACF;1;1;411000;418000;2017-05-27;;21 PLACE DU MARCHE;67210;OBERNAI;"comptabilite@acuitis.com; jean-michel.demay@acuitis.com; alexandre.monterosso@acuitis.com";FR;ACUITIS OBERNAI;OBERNAI;Franchise
533;AF0533;AF0533;001;ACF;ACF;1;1;411000;418000;2017-10-20;;60 RUE JEANNE D ARC;76000;ROUEN;"comptabilite@acuitis.com; herve.auvard@acuitis.com; contact@sec-ollivier-associes.fr; nicolas@sec-ollivier-associes.fr";FR;ACUITIS ROUEN;ORVA;Franchise
534;AF0534;AF0534;001;ACF;ACF;1;1;411000;418000;2018-07-10;;173 AVE HENRI BARBUSE;80330;LONGUEAU;"vincent.marrasse@acuitis.com; comptabilite@acuitis.com";FR;ACUITIS LONGUEAU fermé voir AF0578;LONGUEAU;Franchise
535;AF0535;AF0535;001;ACF;ACF;1;1;411000;418000;2017-11-08;;LIEU DIT PERNICAGGIO;20167;SARROLA CARCOPINO;"comptabilite@acuitis.com; ajaccio@acuitis.com; acloarec@balbi.fr; louis.neri@acuitis.com";FR;ACUITIS AJACCIO OPTIQUE;AJACCIO OPTIQ;Franchise
535A;AF0535A;AF0535A;001;ACF;ACF;1;1;411000;418000;2017-12-01;;Lieu dit Pernicaggio;20167;SARROLA CARCOPINO;"comptabilite@acuitis.com; ajaccio@acuitis.com; acloarec@balbi.fr; louis.neri@acuitis.com; ajaccioaudition@acuitis.com";FR;ACUITIS AJACCIO AUDITION;AJACCIO AUDIT;Franchise
536;AF0536;AF0536;001;ACF;ACF;1;1;411000;418000;2018-04-25;C.C Cap Saran - ZA des 100 Arpents;2601 route nationale;45770;SARAN;"nathalie.gineau@acuitis.com; comptabilite@acuitis.com; philippe.noublanche@assistance-conseil.com; johan.lauwerie@acuitis.com; marc.dumortier@acuitis.com";FR;ACUITIS ORLEANS SARAN;ORLEANS SARAN;Franchise
537;AF0537;AF0537;001;ACF;ACF;1;1;411000;418000;2018-11-02;;18 RUE RALLIER DU BATY;35000;RENNES;"comptabilite@acuitis.com; philippe.marie-regnault@acuitis.com; valerie.mace@inextenso.fr; matthieu.pandele@acuitis.com";FR;ACUITIS RENNES;RENNES;Franchise
538;AF0538;AF0538;001;ACF;ACF;1;1;411000;418000;2018-11-10;CC LES OCEANIDE;670 AVE VULCAIN;33260;LA TESTE DE BUCH;"emilie.jullien@acuitis.com; comptabilite@acuitis.com; clement.jouhanet@acuitis.com; baptiste.jullien@acuitis.com; aherman@groupecaec.fr; aslebarillec@groupecaec.fr";FR;ACUITIS LA TESTE DE BUCH;LA TESTE DE B;Franchise
539;AF0539;AF0539;001;ACF;ACF;1;1;411000;418000;2018-11-30;;22 24 RUE SAINT PIERRE;14000;CAEN;"comptabilite@acuitis.com; benedicte.delamare@acuitis.com";FR;ACUITIS CAEN;CAEN;Franchise
540;AF0540;AF0540;001;ACF;ACF;1;1;411000;418000;2018-11-23;;3 RUE WACQUEZ GLASSON;62000;ARRAS;"comptabilite@acuitis.com; stephane.haiart@acuitis.com; victor.lamy@acuitis.com";FR;ACUITIS ARRAS;ARRAS;Franchise
541;AF0541;AF0541;001;ACF;ACF;1;1;411000;418000;2019-03-08;CENTRE COMMERCIALE OLYMPE;50 VOIE MARIE FISCHER;6600;ANTIBES;"minhtan.nguyen@acuitis.com; alexandre.doucet@acuitis.com; baptiste.doucet@acuitis.com; comptabilite@acuitis.com; antibes@acuitis.com";FR;ACUITIS ANTIBES;ANTIBES;Franchise
542;AF0542;AF0542;001;ACF;ACF;1;1;411000;418000;2019-04-05;;79 RUE GEORGES CLEMENCEAU;35400;SAINT MALO;"comptabilite@acuitis.com; sophie.perrault@acuitis.com; franck.gourvennec@acuitis.com";FR;ACUITIS SAINT MALO;SAINT MALO;Franchise
543;AF0543;AF0543;001;ACF;ACF;1;1;411000;418000;2019-05-17;;8 PLACE DES LICES;56000;VANNES;"comptabilite@acuitis.com; alban.taillandier@acuitis.com; compta@optique-taillandier.fr; quentin.jugele@ATHEIS.FR;";FR;ACUITIS VANNES;VANNES;Franchise
544;AF0544;AF0544;001;ACF;ACF;1;1;411000;418000;2019-05-24;;4 PLACE D ARMES;67600;SELESTAT;"comptabilite@acuitis.com; jean-michel.demay@acuitis.com; marine.guth@acuitis.com; stephane.dettinger@acuitis.com";FR;ACUITIS SELESTAT;SELESTAT;Franchise
545;AF0545;AF0545;001;ACF;ACF;1;1;411000;418000;2019-06-28;;40 COURS FRANKLIN ROOSEVELT;69006;LYON 06;"marion.beal@acuitis.com; comptabilite@acuitis.com";FR;ACUITIS LYON ROOSEVELT;LYON ROOSEVEL;Franchise
546;AF0546;AF0546;001;ACF;ACF;1;1;411000;418000;2019-07-12;;58 60 RUE GAMBETTA;86000;POITIERS;"amelie.dulain@acuitis.com; ccognet@sygec.fr; egreau@vimafinance.com";FR;ACUITIS POITIERS;POITIERS;Franchise
547;AF0547;AF0547;001;ACF;ACF;1;1;411000;418000;2019-09-28;;12  14 RUE DU MARECHAL FOCH;78000;VERSAILLES;"comptabilite@acuitis.com; mohamed.attigui@acuitis.com; beratti@orange.fr; judith@neos-conseils.fr";FR;ACUITIS VERSAILLES;VERSAILLES;Franchise
548;AF0548;AF0548;001;ACF;ACF;1;1;411000;418000;2019-09-13;;40, rue Kéréon;29000;QUIMPER;"comptabilite@acuitis.com; florian.toubeaux@acuitis.com; geoffrey.toubeaux@acuitis.com; thomas.cellerier@by-ec.fr; Annie.croq@by-ec.fr";FR;ACUITIS QUIMPER;QUIMPER;Franchise
549;AF0549;AF0549;031;ACF;ACF;1;1;411000;418000;2019-10-16;;Centre commercial cour Perrinon;97200;FORT DE FRANCE;"comptabilite@acuitis.com; xavier.bauchaint@acuitis.com; deborah.martorana@acuitis.com; jmm.optika@orange.fr";MQ;ACUITIS FORT DE France PERRINON;FORT DE Franc;Franchise
550;AF0550;AF0550;001;ACF;ACF;1;1;411000;418000;2019-09-02;;89, GRANDE RUE CHARLES DE GAULLE;94130;NOGENT s/MARNE;"benjamin.dijols@acuitis.com; comptabilite@acuitis.com";FR;ACUITIS NOGENT sur MARNE;NOGENT SUR MA;Franchise
551;AF0551;AF0514;001;ACF;ACF;1;1;411000;418000;2019-11-20;CENTRE CAL YLIUM OLONNE SUR MER;"	AV FRANCOIS MITTERAND";85340;LES SABLES D'OLONNE;"vincent.barbotteau@acuitis.com; david.bouillaud@acuitis.com; comptabilite@acuitis.com";FR;ACUITIS LES SABLES D'OLONNE;SABLES OLONNE;Franchise
552;AF0552;AF0552;001;ACF;ACF;1;1;411000;418000;2019-11-15;;ZA LA LAOUVE;83470;SAINT MAXIMIN LA SAINTE BEAUME;"comptabilite@acuitis.com; kanbelle.a@hotmail.fr; alyson.kanbelle@acuitis.com";FR;ACUITIS SAINT MAXIMIN LA SAINTE BAUME;SAINT MAXIMIN;Franchise
553;AF0553;AF0553;001;ACF;ACF;1;1;411000;418000;2019-11-22;;23 RUE SAINT YON;17000;LA ROCHELLE;"thibault.delaveaucoupet@acuitis.com; ccognet@sygec.fr; egreau@vimafinance.com";FR;ACUITIS LA ROCHELLE;LA ROCHELLE;Franchise
554;AF0554;AF0554;001;ACF;ACF;1;1;411000;418000;2019-11-29;;1 PLACE DU PILORI;49000;ANGERS;"comptabilite@acuitis.com; jean.hitier@acuitis.com; acuitis.pro.angers@gmail.com; cd@ac-ec.pro";FR;ACUITIS ANGERS;ANGERS;Franchise
555;AF0555;AF0555;001;ACF;ACF;1;1;411000;418000;2019-12-06;;8 RUE VICTOR HUGO;79000;NIORT;"comptabilite@acuitis.com; baptiste.plantier@acuitis.com; bsvehlikova@groupecaec.fr; aslebarillec@groupecaec.fr";FR;ACUITIS NIORT;NIORT;Franchise
556;AF0556;AF0556;001;ACF;ACF;1;1;411000;418000;2019-12-11;CC CARREFOUR DU BEL AIR;RN 10;78120;RAMBOUILLET;"comptabilite@acuitis.com; romain.vidal@acuitis.com; antoine.abouna@acuitis.com; jtressieres@sba-compta.com";FR;ACUITIS RAMBOUILLET;RAMBOUILLET;Franchise
557;AF0557;AF0557;001;ACF;ACF;1;1;411000;418000;2019-12-13;;4 AVE GENERAL PERRIER;3000;NIMES;"comptabilite@acuitis.com; alexandre.montcouquiol@acuitis.com; laurent.arnal@acuitis.com";FR;ACUITIS NIMES;NIMES;Franchise
558;AF0558;AF0558;001;ACF;ACF;1;1;411000;418000;2020-01-17;;18 RUE DES FLEURS;68100;MULHOUSE;"mulhouse@acuitis.com; valerie.bindaopticiens@orange.fr; comptabilite@acuitis.com; remy.meyer@acuitis.com; kamel.belmir@mlca-conseils.fr";FR;ACUITIS MULHOUSE;MULHOUSE;Franchise
559;AF0559;AF0559;001;ACF;ACF;1;1;411000;418000;2020-02-07;;65 AVENUE VICTOR HUGO;26000;VALENCE;"comptabilite@acuitis.com; antoine.giner@acuitis.com; guillaume.giner@acuitis.com; francoise.venier@eurex.fr";FR;ACUITIS VALENCE;VALENCE;Franchise
560;AF0560;AF0560;001;ACF;ACF;1;1;411000;418000;2020-02-13;;103 A, ROUTE DE BITCHE;87500;HAGUENAU;"comptabilite@acuitis.com; sebastien.decker@acuitis.com; jean-marie.decker@acuitis.com";FR;ACUITIS HAGUENAU;HAGUENAU;Franchise
561;AF0561;AF0561;001;ACF;ACF;1;1;411000;418000;2020-02-28;;25 BLD VOLTAIRE;75011;PARIS;"comptabilite@acuitis.com; myriam.ardoin@acuitis.com";FR;ACUITIS PARIS VOLTAIRE;PARIS VOLTAIR;Franchise
562;AF0562;AF0562;001;ACF;ACF;1;1;411000;418000;2020-01-18;;CTRE COM DES 4 PAVILLONS;33310;LORMONT;"tom.ogara@acuitis.com;B.RUBAN@extencia.fr; yann.loarec@acuitis.com";FR;ACUITIS BORDEAUX LORMONT;BORDEAUX LORM;Franchise
563;AF0563;AF0563;001;ACF;ACF;1;1;411000;418000;2020-02-15;;84 RUE RAMBUTEAU;75001;PARIS;"comptabilite@acuitis.com;";FR;ACUITIS PARIS RAMBUTEAU transféré en AF0116;PARIS RAMBUTE;Franchise
564;AF0564;AF0564;001;ACF;ACF;1;1;411000;418000;2020-02-13;Centre Commercial Place des Halles;2 Quai Kléber, Niveau Bas;67000;STRASBOURG;"comptabilite@acuitis.com; jean-michel.demay@acuitis.com; melanie.michel@acuitis.com";FR;ACUITIS STRASBOURG LES HALLES;STRABOURGHALL;Franchise
565;AF0565;AF0565;001;ACF;ACF;1;1;411000;418000;2020-07-24;;1 AVE QUARANTE JOURNAUX;33000;BORDEAUX;"comptabilite@acuitis.com; sophie.deletre@acuitis.com; tom.ogara@acuitis.com; nicolas.eustache@acuitis.com; B.RUBAN@extencia.fr";FR;ACUITIS BORDEAUX LAC;BORDEAUX LAC;Franchise
566;AF0566;AF0566;001;ACF;ACF;1;1;411000;418000;2020-08-26;CC BOIS SENART;RD 306;77240;CESSON;"comptabilite@acuitis.com; caroline.boisselier@acuitis.com; jeremy.gachet@acuitis.com; frederique.arlabosse@pagny-associes.com";FR;ACUITIS BOIS SENART;BOIS SENART;Franchise
567;AF0567;AF0567;001;ACF;ACF;1;1;411000;418000;2020-08-28;;286 RUE DU CHERCHE MIDI;47000;AGEN;"benjamin.lageyre@acuitis.com; sophie.jamois@acuitis.com; comptabilite@acuitis.com; bsvehlikova@groupecaec.fr; aslebarillec@groupecaec.fr";FR;ACUITIS AGEN;AGEN;Franchise
568;AF0568;AF0568;001;ACF;ACF;1;1;411000;418000;2020-09-02;;50 RUE ALBERT 1ER;62700;BETHUNE;"comptabilite@acuitis.com; bethune@acuitis.com; quentin.breban@acuitis.com; corinne.breban@acuitis.com; Benjamin.Catoen@fr.gt.com";FR;ACUITIS BETHUNE;BETHUNE;Franchise
569;AF0569;AF0569;041;ACF;ACF;1;1;411000;418000;2020-10-28;15 RUE CLAUDE CHAPPE;BAT A - ZAE 2000;97420;LE PORT;"comptabilite@acuitis.com; nathalie-laure.advielle@acuitis.com; isabelle.balbolia@opticdev.re; nicole.moussadjee@opticdev.re; service.facturation@opticdev.re";RE;ATISRUN SAS;REUNION;Franchise
570;AF0570;AF0570;001;ACF;ACF;1;1;411000;418000;2021-01-15;;7 BIS RUE DE BESANÇON;25300;DOUBS;"comptabilite@acuitis.com; jean-pierre.perret@acuitis.com; estelle.bichet@acuitis.com; clelia.sorlin@acuitis.com; celine.mamet@le-kab.fr";FR;ACUITIS PONTARLIER;PONTARLIER;Franchise
571;AF0571;AF0571;001;ACF;ACF;1;1;411000;418000;2021-01-22;;31 RUE DES FONDERIES;33380;BIGANOS;"morgane.vettorel@acuitis.com; sophie.jamois@acuitis.com; baptiste.jullien@acuitis.com; matthieu.schermann@acuitis.com; aslebarillec@groupecaec.fr;";FR;ACUITIS BIGANOS;BIGANOS;Franchise
572;AF0572;AF0572;001;ACF;ACF;1;1;411000;418000;2021-05-12;;16 - 18 AVENUE DE L YSER;33700;MERIGNAC;"tom.ogara@acuitis.com; comptabilite@acuitis.com; B.RUBAN@extencia.fr; cedric.vacher@acuitis.com";FR;ACUITIS BORDEAUX MERIGNAC;BORDEAUX MERI;Franchise
573;AF0573;AF0573;001;ACF;ACF;1;1;411000;418000;2021-07-02;;6 RUE SAINT JACQUES;27200;VERNON;"cindy.caneja@acuitis.com; comptabilite@acuitis.com";FR;ACUITIS VERNON;VERNON;Franchise
574;AF0574;AF0574;001;ACF;ACF;1;1;411000;418000;2021-04-01;;19 RUE MADELEINE MICHELIS;92200;NEUILLY SUR SEINE;"comptabilite@acuitis.com; nathalie.berthelot@acuitis.com; vincent.berthelot@acuitis.com; l.court@mexperts.fr";FR;ACUITIS NEUILLY;NEUILLY;Franchise
575;AF0575;AF0575;001;ACF;ACF;1;1;411000;418000;2021-11-26;;15 RUE MAGUELONE;34000;MONTPELLIER;"philippe.bord@acuitis.com; comptabilite@acuitis.com";FR;ACUITIS MONTPELLIER COMEDIE;MONTPELLIER C;Franchise
576;AF0576;AF0576;001;ACF;ACF;1;1;411000;418000;2021-09-02;;118 GRANDE RUE;76200;DIEPPE;"comptabilite@acuitis.com; cedric.chevalier@acuitis.com; nicolas@sec-ollivier-associes.fr; herve.auvard@acuitis.com";FR;ACUITIS DIEPPE;DIEPPE;Franchise
577;AF0577;AF0577;001;ACF;ACF;1;1;411000;418000;2021-09-24;;15 RUE DES GRAS;63000;CLERMONT FERRAND;"comptabilite@acuitis.com; thierry.ducloux@acuitis.com; marion.chiva@acuitis.com; thierry.simonitti@acuitis.com";FR;ACUITIS CLERMONT FERRAND;CLERMONT FERR;Franchise
578;AF0578;AF0578;001;ACF;ACF;1;1;411000;418000;2021-09-01;;173 AVENUE HENRI BARBUSSE;80330;LONGUEAU;"comptabilite@acuitis.com; caroline.delambre@acuitis.com";FR;ACUITIS LONGUEAU;LONGUEAU;Franchise
579;AF0579;AF0579;001;ACF;ACF;1;1;411000;418000;2021-10-29;;63 RUE GODRANS;21000;DIJON;"comptabilite@acuitis.com; chloe.guillou@acuitis.com; admin.dijon@acuitis.com";FR;ACUITIS DIJON;DIJON;Franchise
580;AF0580;AF0580;001;ACF;ACF;1;1;411000;418000;2021-10-01;;82 RUE SAINT LAZARE;75009;PARIS;"marie.buleon@acuitis.com; comptabilite@acuitis.com; roman.abrahmi@acuitis.com; gsicot@sba-compta.com";FR;ACUITIS PARIS SAINT LAZARE;PARIS SAINT L;Franchise
581;AF0581;AF0581;001;ACF;ACF;1;1;411000;418000;2021-11-05;;2 PLACE ROUGE;49300;CHOLET;"comptabilite@acuitis.com; sebastien.hauville@acuitis.com; Florimond.NORET@chesneauetass.com";FR;ACUITIS CHOLET;CHOLET;Franchise
582;AF0582;AF0582;001;ACF;ACF;1;1;411000;418000;2021-12-17;;955 CHEMIN DE LA FAUCEILLE;66100;PERPIGNAN;"comptabilite@acuitis.com; gregory.vannier@acuitis.com";FR;ACUITIS PERPIGNAN;PERPIGNAN;Franchise
583;AF0583;AF0583;001;ACF;ACF;1;1;411000;418000;2022-01-01;;62 RUE ESQUERMOISE;59800;LILLE;"comptabilite@acuitis.com; lille@acuitis.com; sophie.debacker@acuitis.com; marc-antoine.balusseau@acuitis.com; elyse.monchablon@acuitis.com; gsicot@sba-compta.com";FR;ACUITIS LILLE ESQUERMOISE;ACUITIS LILLE;Franchise
584;AF0584;AF0584;001;ACF;ACF;1;1;411000;418000;2022-04-08;CC CORA;AVENUE DE L EUROPE;"	91300";MASSY;"comptabilite@acuitis.com; caroline.quyen@acuitis.com";FR;ACUITIS MASSY;MASSY;Franchise
585;AF0585;AF0585;001;ACF;ACF;1;1;411000;418000;2022-05-04;;16 RUE DE LA BORDERIE;35500;VITRE;"comptabilite@acuitis.com; charline.remillard@acuitis.com; matthieu.pandele@acuitis.com; philippe.marie-regnault@acuitis.com";FR;ACUITIS VITRE;VITRE;Franchise
586;AF0586;AF0586;001;ACF;ACF;1;1;411000;418000;2022-05-06;;16 PLACE DE LA REPUBLIQUE;41100;VENDOME;"comptabilite@acuitis.com; dimitri.bouet@acuitis.com; anne-laure.favre@acuitis.com";FR;ACUITIS VENDOME;VENDOME;Franchise
587;AF0587;AF0587;001;ACF;ACF;1;1;411000;411800;2022-05-13;;40 RUE DES CARMES;40100;DAX;"comptabilite@acuitis.com; timothee.gehin@acuitis.com; eeinsinger@groupecaec.fr; aslebarillec@groupecae.fr";FR;ACUITIS DAX;DAX;Franchise
588;AF0588;AF0588;001;ACF;ACF;1;1;411000;418000;2022-06-03;CC LECLERC;AVENUE CHARLES DE GAULLE;85200;FONTENAY-LE-COMTE;"comptabilite@acuitis.com; antoine.cotinat@acuitis.com;";FR;ACUITIS FONTENAY LE COMTE;FONTENAY LE C;Franchise
589;AF0589;AF0589;001;ACF;ACF;1;1;411000;418000;2022-07-08;;ZAC DE LA MADELEINE;34800;CLERMONT-L'HERAULT;"comptabilite@acuitis.com; hugo.bonnot@acuitis.com";FR;ACUITIS CLERMONT L'HERAULT;CLERMONT L'HE;Franchise
590;AF0590;AF0590;001;ACF;ACF;1;1;411000;418000;2022-11-18;;61 PLACE D ARMES;59300;VALENCIENNES;"comptabilite@acuitis.com; victor.lefebvre@acuitis.com";FR;ACUITIS VALENCIENNES;VALENCIENNES;Franchise
591;AF0591;AF0591;001;ACF;ACF;1;1;411000;418000;2022-10-07;;16 ALLEE DE L EMPEREUR;82000;MONTAUBAN;"comptabilite@acuitis.com; eric.eisele@acuitis.com;";FR;ACUITIS MONTAUBAN;MONTAUBAN;Franchise
592;AF0592;AF0592;001;ACF;ACF;1;1;411000;418000;2022-11-10;;50 - 52 RUE DE SAINT MALO;14400;BAYEUX;"comptabilite@acuitis.com; bayeux@acuitis.com; ludovic.blondeau@acuitis.com";FR;ACUITIS BAYEUX;BAYEUX;Franchise
593;AF0593;AF0593;001;ACF;ACF;1;1;411000;418000;2022-12-02;;39 RUE DE SIAM;29200;BREST;"florence.kirchacker@acuitis.com; comptabilite@acuitis.com";FR;ACUITIS BREST;BREST;Franchise
594;AF0594;AF0594;001;ACF;ACF;1;1;411000;418000;2022-12-02;CC CARREFOUR;102 AVE DU GENERAL DE GAULLE;33500;LIBOURNE;"comtpabilite@acuitis.com; libourne@acuitis.com; tom.ogara@acuitis.com";FR;ACUITIS LIBOURNE;LIBOURNE;Franchise
595;AF0595;AF0595;001;ACF;ACF;1;1;411000;418000;2023-01-06;;1 AVENUE FELIX FAURE;6500;MENTON;"micaella.albuquerque@acuitis.com; comptabilite@acuitis.com";FR;ACUITIS MENTON;MENTON;Franchise
596;AF0596;AF0596;001;ACF;ACF;1;1;411000;411800;2023-01-20;;21 RUE CESAR CAMPINCHI;20200;BASTIA;"comptabilite@acuitis.com; bastia@acuitis.com";FR;ACUITIS BASTIA;BASTIA;Succursale
701;AF0701;AF0701;031;ACF;ACF;1;1;411000;418000;2017-07-05;;B 003B 3035 BOULEVARD LE CARREFOUR, LAVAL - CANADA;H7T 1C8;Québec - Canada;"comptabilite@acuitis.com; admin.laval@acuitis.com; remi.xhenseval@acuitis.com";CA;ACUITIS LAVAL CANADA;LAVAL CANADA;Franchise
702;AF0702;AF0701A;031;ACF;ACF;1;1;411000;418000;2017-07-05;;B 003B 3035 BOULEVARD LE CARREFOUR, LAVAL - CANADA;H7T 1C8;Québec - Canada;"comptabilite@acuitis.com; admin.laval@acuitis.com; remi.xhenseval@acuitis.com";CA;ACUITIS LAVAL AUDIO / CANADA;LAVAL AUDIO;Franchise
703;AF0703;AF0700;031;ACF;ACF;1;1;411000;418000;2018-06-23;CC LES PROMENADES SAINT BRUNO;175 BLD DES PROMENADES;J3V5J5;SAINT BRUNO DE MONTARVILLE - QUEBEC;"comptabilite@acuitis.com; nicolas.peumery@acuitis.com";CA;ACUITIS ST BRUNO OPTIQUE transféré en AF0705;ST BRUNO OPTI;Franchise
704;AF0704;AF0700;031;ACF;ACF;1;1;411000;418000;2018-02-23;CC LES PROMENADES SAINT BRUNO;175 BLD DES PROMENADES;J3V5J5;SAINT BRUNO DE MONTARVILLE - QUEBEC;"comptabilite@acuitis.com; nicolas.peumery@acuitis.com; nicolas.peumery@acuitis.com; dtran@demersbeaulne.com; nvsimoes@demersbeaulne.com";CA;ACUITIS ST BRUNO AUDIO transféré en AF0706;ST BRUNO AUDI;Franchise
;AF0705;AF0700;031;ACF;ACF;1;1;411800;418800;2020-10-01;CC LES PROMENADES SAINT BRUNO;175 BLD DES PROMENADES;J3V5J5;SAINT BRUNO DE MONTARVILLE - QUEBEC;"comptabilite@acuitis.com; nicolas.peumery@acuitis.com; dtran@demersbeaulne.com; ctrouve@demersbeaulne.com; g.aitkass@sensee.com; jblanchet@demersbeaulne.com;";CA;ACUITIS ST BRUNO OPTIC;ST BRUNO OPT;Succursale
706;AF0706;AF0700;031;ACF;ACF;1;1;411800;418800;2020-10-02;CC LES PROMENADES SAINT BRUNO;175 BLD DES PROMENADES;J3V5K2;SAINT BRUNO DE MONTARVILLE - QUEBEC;"comptabilite@acuitis.com; nicolas.peumery@acuitis.com; dtran@demersbeaulne.com; ctrouve@demersbeaulne.com; g.aitkass@sensee.com; jblanchet@demersbeaulne.com;";CA;ACUITIS ST BRUNO AUDIO;ST BRUNO AUDI;Succursale
707;AF0707;AF0707;031;ACF;ACF;1;1;411000;418000;2020-10-02;;827 829 AVENUE DU MONT ROYAL EST;;MONTREAL QC;"comptabilite@acuitis.com; nicolas.peumery@acuitis.com; ctrouve@demersbeaulne.com; g.aitkass@sensee.com; Jeanne.lardans@acuitis.com; jblanchet@demersbeaulne.com";CA;MAISON ACUITIS MONT ROYAL OPTIQUE;MAISON MONT R;Succursale
708;AF0708;AF0708;031;ACF;ACF;1;1;411000;411800;2023-01-01;;2850 PROMENADE SAINT HONORE;;QCJ7H1M9 BOISBRIAND;"comptabilite@acuitis.com; g.aitkass@sensee.com; coulomb.laura@gmail.com";CA;ACUITIS FAUBOURG BOISBRIAND;FAUBOURG BOIS;Franchise
;AF0ACO;ACOU001;031;ACF;ACF;1;1;411800;418800;2010-02-18;;Rue de la Morâche 5;1260;NYON;"magali.bouvarel@acuitis.com; arnaud.dubugnon@acuitis.com; comptabilite@acuitis.com";CH;ACOUSTICENTRE;ACOUSTICENTRE;Succursale
;AFI903;NDOP001;001;ACF;ACF;1;1;411000;418000;2017-02-02;;10 RUE GAUTTE;85800;SAINT GILLES CROIX DE VIE;"comptabilite@acuitis.com; sguhur@groupesofimat.com";FR;ND OPTIC;ND OPTIC;Franchise
;ARI000;ARI0001;001;ACF;GAF;1;1;411800;418800;2019-09-01;;24 AVENUE DU MEDIPOLE;38300;BOURGOIN JALLIEU;"comptabilite@acuitis.com; edwige.gonin@grandaudition.com; bourgoinjallieu@grandaudition.com; gilles.zanichelli@acuitis.com; c.julliard@pyramide-conseils.fr";FR;ARI;ARI;Franchise
;ARI001;ARI0001;001;ACF;GAF;1;1;411800;418800;2019-09-01;;24 RUE DE L HOTEL DE VILLE ;38110;LA TOUR DU PIN;"administration.ari@grandaudition.com; edwige.gonin@grandaudition.com; latourdupin@grandaudition.com; gilles.zanichelli@acuitis.com; c.julliard@pyramide-conseils.fr";FR;ARI LA TOUR DU PIN ;ARI;Franchise
;ARI002;ARI0001;001;ACF;GAF;1;1;411800;418800;2019-09-01;;162 RUE GENERAL DEGOUTTE;1700;MIRIBEL;"administration.ari@grandaudition.com; edwige.gonin@grandaudition.com; miribel@grandaudition.com; gilles.zanichelli@acuitis.com; c.julliard@pyramide-conseils.fr";FR;ARI MIRIBEL;ARI;Franchise
;ARI003;AUDI009;001;ACF;GAF;1;1;411800;418800;2019-09-01;;14 COURS FRANKLIN ROOSEVELT ;69006;LYON;"comptabilite@acuitis.com; edwige.gonin@grandaudition.com; lyonroosevelt@grandaudition.com; gilles.zanichelli@acuitis.com; c.julliard@pyramide-conseils.fr";FR;LTA LYON ROOSEVELT;LTA;Franchise
;ARI004;AUDI009;001;ACF;GAF;1;1;411800;418800;2019-09-01;;11TER RUE DES ALLOBROGES;38230;CHARVIEU CHAVAGNEUX;"comptabilite@acuitis.com; edwige.gonin@grandaudition.com; c.julliard@pyramide-conseils.fr; charvieuchavagneux@grandaudition.com";FR;LTA CHARVIEU CHAVAGNEUX;LTA;Franchise
;ARI005;ARI0001;001;ACF;GAF;1;1;411800;418800;2019-09-01;;RUE ALEXANDRE BERARD;1500;AMBERIEU EN BUGEY;"administration.ari@grandaudition.com; edwige.gonin@grandaudition.com; amberieuenbugey@grandaudition.com; gilles.zanichelli@acuitis.com; c.julliard@pyramide-conseils.fr";FR;ARI AMBERIEU EN BUGEY;ARI;Franchise
;ARI006;ARI0001;001;ACF;GAF;1;1;411800;418800;2019-09-01;;180 RUE DR MARC FUVEL;1800;01800 MEXIMIEUX;"administration.ari@grandaudition.com; edwige.gonin@grandaudition.com; meximieux@grandaudition.com; gilles.zanichelli@acuitis.com; c.julliard@pyramide-conseils.fr";FR;ARI MEXIMIEUX;ARI;Franchise
;ARI007;ARI0001;001;ACF;GAF;1;1;411800;418800;2019-09-01;;24 AVENUE DU MEDIPOLE;38300;BOURGOIN JALLIEU;"administration.ari@grandaudition.com; edwige.gonin@grandaudition.com; bourgoinjallieu@grandaudition.com; gilles.zanichelli@acuitis.com; c.julliard@pyramide-conseils.fr";FR;ARI BOURGOIN JALLIEU;ARI;Franchise
;ARI008;ARI0001;001;ACF;GAF;1;1;411800;418800;2019-09-01;ESPACE SAVOYARD ZI BARONNIE;26 RUE EMMANUEL CRETET;73330;LE PONT DE BEAUVOISIN;"administration.ari@grandaudition.com; edwige.gonin@grandaudition.com; lepontdebeauvoisinari@grandaudition.com; gilles.zanichelli@acuitis.com; c.julliard@pyramide-conseils.fr";FR;ARI PONT DE BEAUVOISIN;ARI;Franchise
;ARI009;PERR002;001;ACF;GAF;1;1;411800;418800;2019-09-01;;269 RUE DU CASINO;73100;AIX-LES-BAINS;"comptabilite@acuitis.com; perrier73@orange.fr; edwige.gonin@grandaudition.com; gilles.zanichelli@acuitis.com; c.julliard@pyramide-conseils.fr; pierre.cottaz@grandaudition.com";FR;PERRIER 73 AIX-LES-BAINS;PERRIER 73;Franchise
;ARI010;PERR002;001;ACF;GAF;1;1;411800;418800;2019-09-01;;6 RUE GENERAL FERRIE;73000;CHAMBERY;"comptabilite@acuitis.com; perrier73@orange.fr; edwige.gonin@grandaudition.com; gilles.zanichelli@acuitis.com; c.julliard@pyramide-conseils.fr; pierre.cottaz@grandaudition.com";FR;PERRIER 73 CHAMBERY;PERRIER 73;Franchise
;ARI011;PERR002;001;ACF;GAF;1;1;411800;418800;2019-09-01;;6 AVENUE DE SAVOIE;73800;MONTMELIAN;"comptabilite@acuitis.com; perrier73@orange.fr; edwige.gonin@grandaudition.com; gilles.zanichelli@acuitis; c.julliard@pyramide-conseils.fr.com; pierre.cottaz@grandaudition.com";FR;PERRIER 73 MONTMELIAN;PERRIER 73;Franchise
;ARI012;PERR002;001;ACF;GAF;1;1;411800;418800;2019-09-01;;2 RUE DE LA NEUVE;73110;LA ROCHETTE;"comptabilite@acuitis.com; perrier73@orange.fr; edwige.gonin@grandaudition.com; gilles.zanichelli@acuitis.com; c.julliard@pyramide-conseils.fr; pierre.cottaz@grandaudition.com";FR;PERRIER 73 LA ROCHETTTE;PERRIER 73;Franchise
;ARI013;PERR002;001;ACF;GAF;1;1;411800;418800;2019-09-01;;19 GRANDE RUE;1300;BELLEY;"comptabilite@acuitis.com; perrier73@orange.fr; edwige.gonin@grandaudition.com; gilles.zanichelli@acuitis.com; c.julliard@pyramide-conseils.fr; pierre.cottaz@grandaudition.com";FR;PERRIER 73 BELLEY;PERRIER 73;Franchise
;ARI014;PERR002;001;ACF;GAF;1;1;411800;418800;2019-09-01;;63 RUE SAINTE ANTOINE;73300;SAINT-JEAN-DE-MAURIENNE;"comptabilite@acuitis.com; perrier73@orange.fr; edwige.gonin@grandaudition.com; gilles.zanichelli@acuitis.com; c.julliard@pyramide-conseils.fr; pierre.cottaz@grandaudition.com";FR;PERRIER 73 SAINT-JEAN DE MAURIENNE;PERRIER 73;Franchise
ARI015;ARI015;AUDI009;001;ACF;GAF;1;1;411800;418800;2020-06-08;;61 AVENUE MARÉCHAL DE SAXE;69003;LYON;"comptabilite@acuitis.com; edwige.gonin@grandaudition.com; lyonsaxe@grandaudition.com; gilles.zanichelli@acuitis.com; c.julliard@pyramide-conseils.fr";FR;LTA LYON SAXE;LTA;Franchise
;ARI016;PERR002;001;ACF;GAF;1;1;411800;418800;2021-07-01;;113 QUAI DE L EGLISE;38530;PONTCHARRA;"comptabilite@acuitis.com; perrier73@orange.fr; edwige.gonin@grandaudition.com; gilles.zanichelli@acuitis.com; c.julliard@pyramide-conseils.fr";FR;PERRIER 73 PONTCHARRA;PERRIER 73;Franchise
;BINOCLE;BINO001;001;ACF;ACF;1;1;411000;418000;2022-09-15;;1 RUE CREMIEUX;30000;NIMES;"comptabilite@acuitis.com; laurent.arnal@acuitis.com;";FR;LA BINOCLE LAURENT ARVAL;LA BINOCLE;Franchise
;CAHA;ACZZ999;001;ACF;ACF;1;1;411800;418800;2011-05-28;;55 AVE VICTOR HUGO;75116;PARIS 16;"comptabilite@acuitis.com; nathalie-laure.advielle@acuitis.com";FR;ACUITIS CENTRALE D ACHATS;CENTRALE D AC;Succursale
;CHAT001;CHAT001;001;ACF;ACF;1;1;411800;418800;2017-12-13;ROMAIN MESNARD;49 RUE SAINT DOMINIQUE;75007;PARIS;"comptabilite@acuitis.com; gilles.zanichelli@acuitis.com";FR;CHÂTEAU FORM ESPACE HERITAGE;CHÂTEAU FORM ;Succursale
;CHAT002;CHAT001;001;ACF;ACF;1;1;411800;418800;2015-10-14;ROMAIN MESNARD;49 RUE SAINT DOMINIQUE;75007;PARIS;"comptabilite@acuitis.com; gilles.zanichelli@acuitis.com";FR;CHÂTEAU FORM ESPACE HERITAGE;CHÂTEAU FORM ;Succursale
;CL001;GAUDF;001;ACF;GAF;1;1;411000;418000;2022-11-22;;7 PLACE DES NYMPHES;78180;MONTIGNY LE BRETONNEUX;"tamari.sot@grandaudition.com; isabel.moinot@grandaudition.com; elodie.koskas@grandaudition.com; comptabilite@acuitis.com";FR;DECIBEL AUDITION MONTIGNY;DECIBEL AUDIT;Franchise
;DO0001;DOFR001;001;ACF;DO;1;1;411800;418800;2018-11-08;12 RUE DU FORT DE SAINT CYR;IMMEUBLE OXFORD - HANS ANDERS;78180;MONTIGNY LE BRETONNEUX;"comptabilite@acuitis.com; comptabilite@direct-optic.fr";FR;DO France SIEGE MONTIGNY;DO France SIE;Succursale
;DO0002;OPTI001;001;ACF;DO;1;1;411800;418800;2022-04-15;;246 ROUTE DE VANNES;44700;ORVAULT;"comptabilite@acuitis.com; comptabilite@direct-optic.fr";FR;OPTIQUAL (siège);OPTIQUAL;Succursale
;DO0006;DOFR001;001;ACF;DO;1;1;411800;418800;2022-11-08;;246 ROUTE DE VANNES;44700;ORVAULT;"comptabilite@acuitis.com; comptabilite@direct-optic.fr";FR;DO ORVAULT;DO ORVAULT;Succursale
;DO0009;DOFR001;001;ACF;DO;1;1;411800;418800;2019-08-07;;69 RUE LAFAYETTE;75009;PARIS;"comptabilite@acuitis.com; comptabilite@direct-optic.fr";FR;DO France PARIS CADET;DO France PAR;Succursale
;DO0063;DOFR001;001;ACF;DO;1;1;411800;418800;2021-07-06;CC CARREFOUR;ZI LES 4 PAVILLONS;33310;LORMONT;"comptabilite@acuitis.com; comptabilite@direct-optic.fr";FR;DO France BORDEAUX LORMONT;DO France BOR;Succursale
;DO0064;DOFR001;001;ACF;DO;1;1;411800;418800;2021-08-04;12 RUE DU PORT DE SAINT CYR;IMMEUBLE OXFORD - HANS ANDERS;78180;MONTIGNY LE BRETONNEUX;"comptabilite@acuitis.com; comptabilite@direct-optic.fr";FR;DO France MARSEILLE GRAND LITTORAL;DO France MAR;Succursale
;DO0066;DOFR001;001;ACF;DO;1;1;411800;418800;2021-06-08;CENTRE COMMERCIAL MONDEVILLE 2;ROUTE NATIONALE 13;14124;MONDEVILLE;"comptabilite@acuitis.com; comptabilite@direct-optic.fr";FR;DO France CAEN;DO France CAE;Succursale
;DO0070;DOFR001;001;ACF;DO;1;1;411800;418800;2020-03-05;ZAC DES SABLONS;RUE JEAN MONNET;77410;CLAYE SOUILLY;"comptabilite@acuitis.com; comptabilite@direct-optic.fr";FR;DO France CLAYE SOUILLY;DO France CLA;Succursale
;DO0071;DOFR001;001;ACF;DO;1;1;411800;418800;2021-07-08;;1 PARVIS SAINT MAURICE;59000;LILLE;"comptabilite@acuitis.com; comptabilite@direct-optic.fr";FR;DO France LILLE;DO France LIL;Succursale
;DO0528;DOFR001;001;ACF;DO;1;1;411800;418800;2020-11-09;;217 AVENUE DAUMESNIL;75012;PARIS;"comptabilite@acuitis.com; comptabilite@direct-optic.fr";FR;DO France PARIS DAUMESNIL;DO France PAR;Succursale
;DO0557;DOFR001;001;ACF;DO;1;1;411800;418800;2021-01-01;;6 COURS LAFAYETTE;69003;LYON;"comptabilite@acuitis.com; comptabilite@direct-optic.fr";FR;DO France LYON;DO France LYO;Succursale
;DO0559;DOFR001;001;ACF;DO;1;1;411800;418800;2021-08-06;;2BIS AVENUE ANTOINE BECQUEREL;33600;PESSAC;"comptabilite@acuitis.com; comptabilite@direct-optic.fr";FR;DO France PESSAC;DO France PES;Succursale
;DO0561;DOFR001;001;ACF;DO;1;1;411800;418800;2021-07-08;;CENTRE COMMERCIAL GRAND PLAISIR;78370;PLAISIR;"comptabilite@acuitis.com; comptabilite@direct-optic.fr";FR;DO France PLAISIR;DO France PLA;Succursale
;DO0564;DOFR001;001;ACF;DO;1;1;411800;418800;2020-11-09;CG GRAND LITTORAL;11 AVENUE DE SAINT ANTOINE;13464;MARSEILLE;"comptabilite@acuitis.com; comptabilite@direct-optic.fr";FR;DO France MARSEILLE GRAND LITTORAL;DO France MAR;Succursale
;DO0568;DOFR001;001;ACF;DO;1;1;411800;418800;2020-11-09;;PLACE JACQUES CARTIER;19100;BRIVE-LA-GAILLARDE;"comptabilite@acuitis.com; comptabilite@direct-optic.fr";FR;DO BRIVE LA GAILLARDE;DO France PAR;Succursale
;DO0849;DOFR001;001;ACF;DO;1;1;411800;418800;2020-03-05;;104 RUE DE MARLY;57950;MONTIGNY LES METZ;"comptabilite@acuitis.com; comptabilite@direct-optic.fr";FR;DO France MONTIGNY LES METZ;DO France MON;Succursale
;DO0850;DOFR001;001;ACF;DO;1;1;411800;418800;2022-01-01;;5 A RUE DU 11 NOVEMBRE;5500;SAINT BONNET EN CHAMPSAUR;"comptabilite@acuitis.com; comptabilite@direct-optic.fr";FR;DO France ST BONNET EN CHAMPSAUR (GAP);DO France BOR;Succursale
;ECOTEX;ECOT001;010;ACF;ACF;1;1;411000;418000;2022-11-18;;CALLE VIAL DE LOS CIPRESES 35;3006;ALICANTE;"nathalie.laure@acuitis.com; michel.lecue@acuitis.com; farid.ouazene@acuitis.com";ES;ECOTEX;ECOTEX;Franchise
;EQUAPOLE;EQUA001;001;ACF;ACF;1;1;411000;418000;2021-07-22;;19 RUE EUGNENE DUPUIS;94000;CRETEIL;"comptabilite@acuitis.com; melanie.mariette@equapole.com";FR;EQUAPOLE;EQUAPOLE;Franchise
;EYEI001;EYEI001;031;ACF;ACF;1;1;411000;418000;2015-03-23;;PAUL WHITEMANSINGEL 146;3069;XV ROTTERDAM;"opto.ring.bea@gmail.com; comptabilite@acuitis.com; support.serviceclient@acuitis.com";NL;EYE INTERNATIONAL RETAIL BV;EYE INTERNATI;Franchise
;FB0001;BEAU001;001;ACF;ACF;1;1;411800;418800;2015-04-10;;55 AVENUE VICTOR HUGO;75116;PARIS;"MSEBILOT@beausoleil.fr; comptabilite@acuitis.com";FR;BEAUSOLEIL;BEAUSOLEIL;Succursale
;FONDATION;HERO001;031;ACF;ACF;1;1;411800;418800;2021-07-22;;55 AVENUE VICTOR HUGO;75116;PARIS;"comptabilite@acuitis.com; gilles.zanichelli@acuitis.com";CH;FONDATION HERON;HERON;Succursale
GA000;GA0000;GAUDF;001;ACF;GAF;1;1;411800;418800;2017-01-12;;55 AVENUE VICTOR HUGO;75116;PARIS 16;"tamari.sot@grandaudition.com; isabel.moinot@grandaudition.com; elodie.koskas@grandaudition.com; comptabilite@acuitis.com";FR;GRANDAUDITION CENTRALE;GRANDAUDITION;Succursale
GA001;GA0001;GAUDF;001;ACF;GAF;1;1;411800;418800;2017-01-12;;43 AVE FRANKLIN ROOSEVELT;75008;PARIS;"tamari.sot@grandaudition.com; isabel.moinot@grandaudition.com; elodie.koskas@grandaudition.com; comptabilite@acuitis.com";FR;GRANDAUDITION CHAMPS ELYSEES;GRANDAUDITION;Succursale
GA002;GA0002;GAUDF;001;ACF;GAF;1;1;411800;418800;2017-01-12;;85 RUE LA FONTAINE;75016;PARIS;"tamari.sot@grandaudition.com; isabel.moinot@grandaudition.com; elodie.koskas@grandaudition.com; comptabilite@acuitis.com";FR;GRANDAUDITION AUTEUIL;GRANDAUDITION;Succursale
GA003;GA0003;GAUDF;001;ACF;GAF;1;1;411800;418800;2017-01-12;;14 AVE DE L OPERA;75001;PARIS;"tamari.sot@grandaudition.com; isabel.moinot@grandaudition.com; elodie.koskas@grandaudition.com; comptabilite@acuitis.com";FR;GRANDAUDITION OPERA;GRANDAUDITION;Succursale
GA004;GA0004;GAUDF;001;ACF;GAF;1;1;411800;418800;2017-01-12;;58 RUE DE SEVRES;75007;PARIS;"tamari.sot@grandaudition.com; isabel.moinot@grandaudition.com; elodie.koskas@grandaudition.com; comptabilite@acuitis.com";FR;GRANDAUDITION RUE DE SEVRES;GRANDAUDITION;Succursale
GA005;GA0005;GAUDF;001;ACF;GAF;1;1;411800;418800;2017-01-12;;90 RUE DU COMMERCE;75015;PARIS;"tamari.sot@grandaudition.com; isabel.moinot@grandaudition.com; elodie.koskas@grandaudition.com; comptabilite@acuitis.com";FR;GRANDAUDITION RUE DU COMMERCE;GRANDAUDITION;Succursale
GA006;GA0006;GAUDF;001;ACF;GAF;1;1;411800;418800;2017-01-12;;16 PLACE DE LA NATION;75012;PARIS;"isabel.moinot@grandaudition.com; elodie.koskas@grandaudition.com; comptabilite@acuitis.com; tamari.sot@grandaudition.com";FR;GRANDAUDITION PLACE DE LA NATION;GRANDAUDITION;Succursale
GA007;GA0007;GAUDF;001;ACF;GAF;1;1;411800;418800;2020-12-10;;16 PLACE DE LA REPUBLIQUE;75010;PARIS;"tamari.sot@grandaudition.com; isabel.moinot@grandaudition.com; elodie.koskas@grandaudition.com; comptabilite@acuitis.com";FR;GRANDAUDITION PLACE DE LA REPUBLIQUE;GRANDAUDITION;Succursale
;GA0008;GAUDF;001;ACF;GAF;1;1;411800;418800;2022-10-04;;47 RUE DAMREMONT;75018;PARIS;"montmartre@grandaudition.com; tamari.sot@grandaudition.com; isabel.moinot@grandaudition.com";FR;GRANDAUDITION MONTMARTRE;GRANDAUDITION;Succursale
;GA0100;GAUDF;001;ACF;GAF;1;1;411800;418800;2017-01-30;;47 RUE DAMREMONT;75018;PARIS;"tamari.sot@grandaudition.com; isabel.moinot@grandaudition.com; elodie.koskas@grandaudition.com; comptabilite@acuitis.com";FR;GRANDAUDITION CROISSY;GRANDAUDITION;Succursale
GA101;GA0101;GAUDF;001;ACF;GAF;1;1;411800;418800;2017-01-30;;2 AVE GASTON BOISSIER;92370;CHAVILLE;"tamari.sot@grandaudition.com; isabel.moinot@grandaudition.com; elodie.koskas@grandaudition.com; comptabilite@acuitis.com";FR;GRANDAUDITION CHAVILLE;GRANDAUDITION;Succursale
GA102;GA0102;GAUDF;001;ACF;GAF;1;1;411800;418800;2017-01-30;;13 15 RUE POTTIER;78150;LE CHESNAY;"tamari.sot@grandaudition.com; isabel.moinot@grandaudition.com; elodie.koskas@grandaudition.com; comptabilite@acuitis.com";FR;GRANDAUDITION LE CHESNAY;GRANDAUDITION;Succursale
GA103;GA0103;GAUDF;001;ACF;GAF;1;1;411800;418800;2017-01-30;109 RUE DU GEN DE GAULLE;PASSAGE FLEURI;78120;RAMBOUILLET;"tamari.sot@grandaudition.com; isabel.moinot@grandaudition.com; elodie.koskas@grandaudition.com; comptabilite@acuitis.com";FR;GRANDAUDITION RAMBOUILLET;GRANDAUDITION;Succursale
GA104;GA0104;GAUDF;001;ACF;GAF;1;1;411800;418800;2017-01-30;191 GRANDE RUE ANGLE;RUE DE L ABREUVOIR;92380;GARCHES;"tamari.sot@grandaudition.com; isabel.moinot@grandaudition.com; elodie.koskas@grandaudition.com; comptabilite@acuitis.com";FR;GRANDAUDITION GARCHES;GRANDAUDITION;Succursale
GA105;GA0105;GAUDF;001;ACF;GAF;1;1;411800;418800;2017-01-30;;17 PLACE DES FUSILLES;78500;SARTROUVILLE;"tamari.sot@grandaudition.com; isabel.moinot@grandaudition.com; elodie.koskas@grandaudition.com; comptabilite@acuitis.com";FR;GRANDAUDITION SARTROUVILLE;GRANDAUDITION;Succursale
GA106;GA0106;GAUDF;001;ACF;GAF;1;1;411800;418800;2017-01-30;;5 RUE MARCEAU;78800;HOUILLES;"tamari.sot@grandaudition.com; isabel.moinot@grandaudition.com; elodie.koskas@grandaudition.com; comptabilite@acuitis.com";FR;GRANDAUDITION HOUILLES;GRANDAUDITION;Succursale
GA107;GA0107;GAUDF;001;ACF;GAF;1;1;411800;418800;2019-12-02;;30 RUE CARNOT;78000;VERSAILLES;"tamari.sot@grandaudition.com; isabel.moinot@grandaudition.com; elodie.koskas@grandaudition.com; comptabilite@acuitis.com";FR;GRANDAUDITION VERSAILLES  transféré en GF0002;GRANDAUDITION;Succursale
GA201;GA0201;GAUDF;001;ACF;GAF;1;1;411800;418800;2017-01-30;;48 COURS JEAN BAPTISTE LANGLET;51100;REIMS;"tamari.sot@grandaudition.com; isabel.moinot@grandaudition.com; elodie.koskas@grandaudition.com; comptabilite@acuitis.com";FR;GRANDAUDITION REIMS;GRANDAUDITION;Succursale
GA202;GA0202;GAUDF;001;ACF;GAF;1;1;411800;418800;2017-01-30;;22 PLACE DE LA REPUBLIQUE;8300;RETHEL;"tamari.sot@grandaudition.com; isabel.moinot@grandaudition.com; elodie.koskas@grandaudition.com; comptabilite@acuitis.com";FR;GRANDAUDITION RETHEL;GRANDAUDITION;Succursale
GA203;GA0203;GAUDF;001;ACF;GAF;1;1;411800;418800;2017-01-30;;41 RUE PASTEUR;51000;CHALONS EN CHAMPAGNE;"tamari.sot@grandaudition.com; isabel.moinot@grandaudition.com; elodie.koskas@grandaudition.com; comptabilite@acuitis.com";FR;GRANDAUDITION CHALONS EN CHAMPAGNE;GRANDAUDITION;Succursale
GA204;GA0204;GAUDF;001;ACF;GAF;1;1;411800;418800;2017-01-30;;2 PLACE DE LA RESISTANCE;51170;FISMES;"tamari.sot@grandaudition.com; isabel.moinot@grandaudition.com; elodie.koskas@grandaudition.com; comptabilite@acuitis.com";FR;GRANDAUDITION FISMES;GRANDAUDITION;Succursale
GA205;GA0205;GAUDF;001;ACF;GAF;1;1;411800;418800;2017-01-30;;2 RUE JULES MELINE;51430;BEZANNES;"tamari.sot@grandaudition.com; isabel.moinot@grandaudition.com; elodie.koskas@grandaudition.com; comptabilite@acuitis.com";FR;GRANDAUDITION BEZANNES;GRANDAUDITION;Succursale
GA206;GA0206;GAUDF;001;ACF;GAF;1;1;411800;418800;2018-03-05;;11 RUE PORTE LUCAS;51200;EPERNAY;"tamari.sot@grandaudition.com; isabel.moinot@grandaudition.com; elodie.koskas@grandaudition.com; comptabilite@acuitis.com";FR;GRANDAUDITION EPERNAY;GRANDAUDITION;Succursale
;GA0207;GAUDF;001;ACF;GAF;1;1;411800;418800;2021-10-01;;2 BIS RUE DU THÉÂTRE;8000;CHARLEVILLE-MÉZIÈRES;"isabel.moinot@grandaudition.com; elodie.koskas@grandaudition.com; comptabilite@acuitis.com; tamari.sot@grandaudition.com";FR;GRANDAUDITION CHARLEVILLE;GRANDAUDITION;Succursale
GA301;GA0301;GAUDF;001;ACF;GAF;1;1;411800;418800;2017-08-03;;2 RUE CLAUDE MARTIN;76300;CHAMBERY;"tamari.sot@grandaudition.com; isabel.moinot@grandaudition.com; elodie.koskas@grandaudition.com; comptabilite@acuitis.com";FR;GRANDAUDITION CHAMBERY;GRANDAUDITION;Succursale
GA302;GA0302;GAUDF;001;ACF;GAF;1;1;411800;418800;2017-08-03;;51 ROUTE DU PARC DE LA VANOISE;73300;SAINT JEAN DE MAURIENNE;"tamari.sot@grandaudition.com; isabel.moinot@grandaudition.com; elodie.koskas@grandaudition.com; comptabilite@acuitis.com";FR;GRANDAUDITION ST JEAN DE MAURIENNE;GRANDAUDITION;Succursale
GA303;GA0303;GAUDF;001;ACF;GAF;1;1;411800;418800;2017-08-03;;177 AVE DES MASSETTES;73190;CHALLES LES EAUX;"tamari.sot@grandaudition.com; isabel.moinot@grandaudition.com; elodie.koskas@grandaudition.com; comptabilite@acuitis.com";FR;GRANDAUDITION CHALLES LES EAUX;GRANDAUDITION;Succursale
GA304;GA0304;GAUDF;001;ACF;GAF;1;1;411800;418800;2017-08-03;;1 PLACE DU 18 JUIN 1940;74940;ANNECY LE VIEUX;"tamari.sot@grandaudition.com; isabel.moinot@grandaudition.com; elodie.koskas@grandaudition.com; comptabilite@acuitis.com";FR;GRANDAUDITION ANNECY LE VIEUX;GRANDAUDITION;Succursale
GA305;GA0305;GAUDF;001;ACF;GAF;1;1;411800;418800;2017-08-03;;32 AVE THEODORE REINACH;73290;LA MOTTE SERVOLEX;"tamari.sot@grandaudition.com; isabel.moinot@grandaudition.com; elodie.koskas@grandaudition.com; comptabilite@acuitis.com";FR;GRANDAUDITION LA MOTTE SERVOLEX;GRANDAUDITION;Succursale
GA306;GA0306;GAUDF;001;ACF;GAF;1;1;411800;418800;2017-08-03;;6 PLACE CAROUGE;73330;PONT DE BEAUVOISIN;"tamari.sot@grandaudition.com; isabel.moinot@grandaudition.com; elodie.koskas@grandaudition.com; comptabilite@acuitis.com";FR;GRANDAUDITION PONT DE BEAUVOISIN;GRANDAUDITION;Succursale
GA307;GA0307;GAUDF;001;ACF;GAF;1;1;411800;418800;2017-08-03;;PLACE DE L HOTEL DE VILLE;73400;UGINE;"tamari.sot@grandaudition.com; isabel.moinot@grandaudition.com; elodie.koskas@grandaudition.com; comptabilite@acuitis.com";FR;GRANDAUDITION UGINE;GRANDAUDITION;Succursale
GA308;GA0308;GAUDF;001;ACF;GAF;1;1;411800;418800;2019-05-02;;8 RUE D ETREMBIERES;74100;ANNEMASSE;"tamari.sot@grandaudition.com; isabel.moinot@grandaudition.com; elodie.koskas@grandaudition.com; comptabilite@acuitis.com";FR;GRANDAUDITION ANNEMASSE;GRANDAUDITION;Succursale
;GA0309;GAUDF;001;ACF;GAF;1;1;411800;418800;2022-02-01;;2 RUE DOCTEUR BALLY;38000;GRENOBLE;"tamari.sot@grandaudition.com; isabel.moinot@grandaudition.com; elodie.koskas@grandaudition.com; comptabilite@acuitis.com";FR;GRANDAUDITION GRENOBLE;GRANDAUDITION;Succursale
;GA0310;GAUDF;001;ACF;GAF;1;1;411800;418800;2022-02-01;;7 RUE DE LA CONCORDE;73500;FOURNEAUX;"tamari.sot@grandaudition.com; isabel.moinot@grandaudition.com; elodie.koskas@grandaudition.com; comptabilite@acuitis.com";FR;GRANDAUDITION MODANE;GRANDAUDITION;Succursale
GF001;GF0001;GAUDF;001;ACF;GAF;1;1;411000;418000;2017-01-12;;41 AVE JEAN BAPTISTE CLEMENT;92100;BOULOGNE BILLANCOURT;"tamari.sot@grandaudition.com; isabel.moinot@grandaudition.com; elodie.koskas@grandaudition.com; comptabilite@acuitis.com";FR;GRANDAUDITION BOULOGNE;GRANDAUDITION;Franchise
;GF0002;GAOP;001;ACF;GAF;1;1;411000;418000;2019-11-01;;30 RUE CARNOT;78000;VERSAILLES;"versailles@grandaudition.com; pierre.fleuriot@grandaudition.com; kateline.barlier@bdo.fr; comptabilite@acuitis.com";FR;GRANDAUDITION VERSAILLES FRANCHISE;GRANDAUDITION;Franchise
GF003;GF0003;GF0003;001;ACF;GAF;1;1;411000;418000;2019-12-30;;107 AVENUE PAUL DOUMER;92500;RUEIL-MALMAISON;"rueil@grandaudition.com; olivier.akerib@gmail.com; comptabilite@acuitis.com";FR;GRANDAUDITION RUEIL MALMAISON;GRANDAUDITION;Franchise
GF004;GF0004;GF0004;001;ACF;GAF;1;1;411000;418000;2019-12-30;;82 AVENUE CHARLES DE GAULLE;92200;NEUILLY-SUR-SEINE;"neuilly@grandaudition.com; victor.lancry@grandaudition.com; olivier.akerib@gmail.com; comptabilite@acuitis.com";FR;GRANDAUDITION NEUILLY SUR SEINE;GRANDAUDITION;Franchise
GF005;GF0005;GF0005;001;ACF;GAF;1;1;411000;418000;2019-11-04;;12 AVENUE SECRETAN;75019;PARIS;"avenuesecretan@grandaudition.com; jeremy.jorno@grandaudition.com";FR;GRANDAUDITION JAURES;GRANDAUDITION;Franchise
GF006;GF0006;GAOP;001;ACF;GAF;1;1;411000;418000;2020-01-01;;4 RUE COYPEL;75013;PARIS;"placeditalie@grandaudition.com; pierre.fleuriot@grandaudition.com; comptabilite@acuitis.com; kateline.barlier@bdo.fr";FR;GRANDAUDITION COYPEL FRANCHISE;GRANDAUDITION;Franchise
GF007;GF0007;AUDP001;001;ACF;GAF;1;1;411000;418000;2020-09-24;;523 RUE PARADIS;13008;MARSEILLE;"marseilleparadis@grandaudition.com; lyor.sayada@grandaudition.com; thomas.pencroffi@grandaudition.com; comptabilite@acuitis.com";FR;GRANDAUDITION MARSEILLE PARADIS;GRANDAUDITION;Franchise
GF008;GF0008;GAOP;001;ACF;GAF;1;1;411000;418000;2020-09-24;;110 GRANDE RUE;92310;SEVRES;"sevres@grandaudition.com; pierre.fleuriot@grandaudition.com; kateline.barlier@bdo.fr; comptabilite@acuitis.com";FR;GRANDAUDITION SEVRES;GRANDAUDITION;Franchise
;GF0009;AUDP001;001;ACF;GAF;1;1;411000;418000;2021-10-01;;8 COURS MARECHAL FOCH;13400;AUBAGNE;"lyor.sayada@grandaudition.com ; thomas.pencroffi@grandaudition.com";FR;GRANDAUDITION AUBAGNE;GRANDAUDITION;Franchise
;GF0010;ABEO001;001;ACF;GAF;1;1;411000;418000;2022-01-01;;4 PLACE GABRIEL PERI;92000;NANTERRE;nanterre@grandaudition.com;FR;GRANDAUDITION NANTERRE;GRANDAUDITION;Franchise
;GF0011;AUDP001;001;ACF;GAF;1;1;411000;418000;2022-01-01;;149 AVENUE VICTOR HUGO;13006;LA CIOTAT;"lyor.sayada@grandaudition.com; thomas.pencroffi@grandaudition.com";FR;GRANDAUDITION LA CIOTAT;GRANDAUDITION;Franchise
;GF0012;GALZ001;001;ACF;GAF;1;1;411000;418000;2022-07-01;;23 BD EMMANUEL SVOB;56100;LORIENT;"emmanuel.fleuriot@grandaudition.com; lorient@grandaudition.com; pierre.fleuriot@grandaudition.com";FR;GRANDAUDITION LORIENT;GRANDAUDITION;Franchise
;GF0013;ELAU001;001;ACF;GAF;1;1;411000;418000;2022-11-22;;91 AVENUE DU GENERAL LECLERC;75014;PARIS;"marc.villeneuve@grandaudition.com; alesia@grandaudition.com";FR;GRANDAUDITION PARIS ALESIA;GRANDAUDITION;Franchise
;GF0014;GARC001;001;ACF;GAF;1;1;411000;418000;2022-07-01;;29 RUE DU MARECHAL DE LATTRE DE TASSIGNY;33120;ARCACHON;"marc.villeneuve@grandaudition.com; arcachon@grandaudition.com";FR;GRANDAUDITION ARCACHON;GRANDAUDITION;Franchise
;GF0015;VESI001;001;ACF;GAF;1;1;411000;418000;2022-07-01;;54 RUE ERNEST ANDRE;78110;LE VESINET;levesinet@grandaudition.com;FR;GRANDAUDITION LE VESINET;GRANDAUDITION;Franchise
;GF0016;GAMZ001;001;ACF;GAF;1;1;411000;418000;2022-07-01;;50 BIS BLD VAUBAN;78180;MONTIGNY LE BRETONNEUX;"pierre.fleuriot@grandaudition.com; lambert.peron@grandaudition.com; montigny@grandaudition.com";FR;GRANDAUDITION MONTIGNY LE BRETONNEUX;GRANDAUDITION;Franchise
;GF0017;GRAN007;001;ACF;GAF;1;1;411000;418000;2022-08-08;;1859 ROUTE DE NICE;6790;ASPREMONT;"nice@grandaudition.com; comptabilite@acuitis.com";FR;GRANDAUDITION NICE;GRANDAUDITION;Franchise
;GF0018;MART001;001;ACF;GAF;1;1;411000;418000;2022-09-22;;2 RUE DOCTEUR BALLY;38000;GRENOBLE;"grenoble@grandaudition.com; comptabilite@acuitis.com";FR;GRANDAUDITION GRENOBLE;GRANDAUDITION;Franchise
;GF0701;GF0701;010;ACF;GAF;1;1;411000;418000;2021-10-01;C/XATIVA,21-2-2;CP46002  Valencia;46002;VALENCIA;"comptabilite@acuitis.com; valenciaruzafa@grandaudition.com";ES;GRANDAUDITION VALENCIA;GRANDAUDITION;Franchise
;INNO001;AUDI020;001;ACF;GAF;1;1;411800;418800;2020-03-09;;32 RUE DE METZ;31000;TOULOUSE;"secretariat-rg@audial31.fr; m.gardelle-riou@innovason.eu; jmaufrere@audial31.fr; m.gardelle-riou@innovason.eu; dlavergne@conseilsassocies.net";FR;AUDIAL;AUDIAL;Franchise
;INNO002;AUDI020;001;ACF;GAF;1;1;411800;418800;2020-03-09;;29 ALLÉE DU ROUERGUE;31170;COLOMIERS;"espaceacoustique31@orange.fr; m.gardelle-riou@innovason.eu; dlavergne@conseilsassocies.net";FR;ESPACE ACOUTISQUE;ESPACE ACOUTI;Franchise
;INNO003;AUDI021;001;ACF;GAF;1;1;411800;418800;2020-03-09;;61 ALLÉE CHARLES DE FITTE;31300;TOULOUSE;"hakremi@conseilsassocies.net; secretariat-rg@audial31.fr; m.gardelle-riou@innovason.eu; dlavergne@conseilsassocies.net";FR;AUDIAL RIVE GAUCHE;AUDIAL RIVE;Franchise
;INNO004;AUDI022;001;ACF;GAF;1;1;411800;418800;2020-03-09;;4 ROUTE DE FRONTON;31140;AUCAMVILLE;"lfraysse@audition-occitane.fr; m.gardelle-riou@innovason.eu; dlavergne@conseilsassocies.net";FR;AUDITION OCCITANE - AUCAMVILLE;AUDITION;Franchise
;INNO005;AUDI022;001;ACF;GAF;1;1;411800;418800;2020-03-09;;71 AV DES MINIMES;31200;TOULOUSE;"lfraysse@audition-occitane.fr; m.gardelle-riou@innovason.eu; dlavergne@conseilsassocies.net";FR;AUDITION OCCITANE MINIMES;AUDITION;Franchise
;INNO006;AUDI022;001;ACF;GAF;1;1;411800;418800;2020-03-09;;25 RTE DE PECHBONNIEU;31780;CASTELGINEST;"lfraysse@audition-occitane.fr; m.gardelle-riou@innovason.eu; dlavergne@conseilsassocies.net";FR;AUDITION OCCITANE CASTELGINEST;AUDITION;Franchise
;INNO007;AUDI023;001;ACF;GAF;1;1;411800;418800;2020-03-09;;67 AVENUE DE L'URSS;31400;TOULOUSE;"acoustique.saint-agne@orange.fr; m.gardelle-riou@innovason.eu; dlavergne@conseilsassocies.net";FR;ACOUSTIQUE SAINT AGNE;ACOUSTIQUE SA;Franchise
;INNO008;AUDI024;001;ACF;GAF;1;1;411800;418800;2020-03-09;;37 RUE GAMBETTA;31330;GRENADE SUR GARONNE;"christine.b1@orange.fr; m.gardelle-riou@innovason.eu; dlavergne@conseilsassocies.net; audiservicesgrenade@orange.fr";FR;CENTRE AUDITIF  - GRENADE SUR GARONNE;AUDITION;Franchise
;INNO009;AUDI024;001;ACF;GAF;1;1;411800;418800;2020-03-09;;10 PLACE CHARLES OURGAUT;31340;VILLEMUR SUR TARN;"centreauditif31340@gmail.com; m.gardelle-riou@innovason.eu; dlavergne@conseilsassocies.net; audiservicesgrenade@orange.fr";FR;CENTRE AUDITIF - VILLEMUR SUR TARN;CENTRE AU;Franchise
;INNO010;AUDI024;001;ACF;GAF;1;1;411800;418800;2020-03-09;;18 RUE DE LA RÉPUBLIQUE;31620;FRONTON;"centreauditif31620@gmail.com; m.gardelle-riou@innovason.eu; dlavergne@conseilsassocies.net; audiservicesgrenade@orange.fr";FR;CENTRE AUDITIF - FRONTON;CENTRE AU;Franchise
;INNO011;AUDI024;001;ACF;GAF;1;1;411800;418800;2020-03-09;;22 CHEMIN DE LA CROISETTE;31860;PINS JUSTARET;"christine.b1@orange.fr; m.gardelle-riou@innovason.eu; dlavergne@conseilsassocies.net; audiservicesgrenade@orange.fr";FR;CENTRE AUDITIF - PINS JUSTARET;CENTRE AU;Franchise
;INNO012;AUDI025;001;ACF;GAF;1;1;411800;418800;2020-03-09;;6 RUE LAVIGNE;31700;BLAGNAC;"secretariat@lapucealoreille31.fr; m.gardelle-riou@innovason.eu; dlavergne@conseilsassocies.net";FR;LA PUCE A L OREILLE;LA PUCE;Franchise
;INNO013;AUDI025;001;ACF;GAF;1;1;411800;418800;2020-03-09;;53 RUE DU FAUBOURG BONNEFOY;31500;TOULOUSE;"m.gardelle-riou@innovason.eu; secretariat@lapucealoreille31.fr; dlavergne@conseilsassocies.net; audiceo@centre-auditif.fr";FR;AUDICEO TOULOUSE;AUDICEO TOULO;Franchise
;INNO014;AUDI026;001;ACF;GAF;1;1;411800;418800;2020-03-09;;11 PLACE NATIONALE;31470;SAINT LYS;"centre-auditif@orange.fr; m.gardelle-riou@innovason.eu; dlavergne@conseilsassocies.net; audiservicesgrenade@orange.fr";FR;CENTRE AUDITIF ST LYS;CENTRE AUD;Franchise
;INNO015;AUDI026;001;ACF;GAF;1;1;411800;418800;2020-03-09;;ZAC DE LENGEL, 10 ALLÉE DES CORDELIERS;31490;LEGUEVIN;"centre.auditif.leguevin@orange.fr; m.gardelle-riou@innovason.eu; dlavergne@conseilsassocies.net; audiservicesgrenade@orange.fr";FR;CENTRE AUDITIF LEGUEVIN;CENTRE AUD;Franchise
;INNO016;AUDI027;001;ACF;GAF;1;1;411800;418800;2020-03-09;;67 RUE GASTON DOUMERGUE;31170;TOURNEFEUILLE;"tournefeuille-audition@wanadoo.fr; m.gardelle-riou@innovason.eu; dlavergne@conseilsassocies.net";FR;TOUNEFEUILLE AUDITION;TOUNEFE;Franchise
;INNO017;AUDI028;001;ACF;GAF;1;1;411800;418800;2020-03-09;;8 RUE OTHON PECONNET;87000;LIMOGES;"87audition@gmail.com; m.gardelle-riou@innovason.eu; dlavergne@conseilsassocies.net";FR;87 AUDITION;87 AUD;Franchise
;INNO018;SERE001;001;ACF;GAF;1;1;411800;418800;2020-07-08;;32 RUE DE METZ;31300;TOULOUSE;"asaurin@audial31.fr; m.gardelle-riou@innovason.eu; dlavergne@conseilsassocies.net; secretariat-rg@audial31.fr";FR;SERENAUDIO;SERENAUDIO;Franchise
;INNO019;AUDI000;001;ACF;GAF;1;1;411800;418800;2020-10-16;;32 RUE DE METZ;31000;TOULOUSE;"secretariat-rg@audial31.fr; jmaufrere@audial31.fr; m.gardelle-riou@innovason.eu; dlavergne@conseilsassocies.net";FR;INNOVASON METZ TOULOUSE;INNOVASON MET;Franchise
;INNO020;AUDI022;001;ACF;GAF;1;1;411800;418800;2020-11-05;;48 AVENUE MAURICE BOURGES-MAUNOURY;31200;TOULOUSE;"lfraysse@audition-occitane.fr; lfraysse@audition-occitane.fr; m.gardelle-riou@innovason.eu; dlavergne@conseilsassocies.net";FR;GA BORDEROUGE;GA BORDEROUGE;Franchise
;INNO021;SIGA001;001;ACF;GAF;1;1;411800;418800;2022-07-01;;1 RUE DE L AUTAN;31670;LABEGE;lfraysse@audition-occitane.fr;FR;GRANDAUDITION LABEGE;GRANDAUDITION;Franchise
LABO001;LAB0001;GAUDF;001;ACF;GAF;1;1;411800;418800;2020-07-06;;55 AVE VICTOR HUGO;75116;PARIS 16;"comptabilite@acuitis.com; jean-baptiste.alves@grandaudition.com; tamari.sot@grandaudition.com; aymeric.nigoul@grandaudition.com";FR;LABO PRO AUDITION;LABO PRO AUDI;Franchise
MAA001;MAA001;SDOAF;001;ACF;MAA;1;1;411800;418800;2020-09-24;;36 BOULEVARD DE CHARONNE ;75020;PARIS;"comptabilite@acuitis.com; Paris20@mdlaa.com";FR;MAA PARIS 20 transféré en MF0001;MAA PARIS 20 ;Succursale
MAA002;MAA002;SDOAF;001;ACF;MAA;1;1;411800;418800;2020-09-24;;156 AVENUE DE VERSAILLES ;75116;PARIS;"comptabilite@acuitis.com; Paris16@mdlaa.com";FR;MAA PARIS 16 transféré en MF0002;MAA PARIS 16 ;Succursale
MAA003;MAA003;SDOAF;001;ACF;MAA;1;1;411800;418800;2020-09-24;;31 COUR LAFAYETTE ;69006;LYON;"comptabilite@acuitis.com; Lyon06@mdlaa.com";FR;MAA LYON 69;MAA LYON 69;Succursale
MAA004;MAA004;SDOAF;001;ACF;MAA;1;1;411800;418800;2020-10-16;;55 AVENUE VICTOR HUGO;75116;PARIS;"comptabilite@acuitis.com; marseille06@maa.team; MAA.Marseille06@mdlaa.com";FR;SDOA MARSEILLE transféré MF0003;SDOA MARSEILL;Succursale
MAA005;MAA005;AGCA001;010;ACF;MAA;1;1;411800;418800;2020-10-16;;125 BD ANSPACH;1000;BRUSSELS;comptabilite.agcaudio@gmail.com;BE;AGC AUDIO ANSPACH;ANSPACH;Franchise
;MAA006;AGCA001;010;ACF;MAA;1;1;411800;418800;2020-10-16;;335 AVENUE LOUISE;1050;IXELLES;comptabilite.agcaudio@gmail.com;BE;AGC AUDIO LOUISE;LOUISE;Franchise
;MAA007;AGCA001;010;ACF;MAA;1;1;411800;418800;2020-10-16;;CENTRE MÉDICAL AMERCOEUR,55, RUE D'AMERCOEUR;4020;LIEGES;comptabilite.agcaudio@gmail.com;BE;AGC AUDIO LIEGE;LIEGE;Franchise
;MAA008;AGCA001;010;ACF;MAA;1;1;411800;418800;2020-10-16;;"DANS LES LOCAUX DE LA POLYCLINIQUE NEUTRE
4ÈME ÉTAGE,
19/21 AVENUE DE WATERLOO";6000;CHARLEROI;comptabilite.agcaudio@gmail.com;BE;AGC AUDIO CHARLEROI;CHARLEROI;Franchise
;MBPROD;MBPR001;001;ACF;ACF;1;1;411000;418000;2021-07-22;;23 BLD DE CHANTENAY;44000;NANTES;"comptabilite@acuitis.com; nathalie-laure.advielle@acuitis.com; gestion@mbproduction.eu; pmaiche@mbproduction.eu; p.roy@mbproduction.eu";FR;MB PRODUCTION;MB PRODUCTION;Franchise
;MF0001;EAJA001;001;ACF;MAA;1;1;411000;418000;2021-10-01;;36 BLD DE CAHRONNE;75020;PARIS;"comptabilite@acuitis.com; jeremy.jorno@gmail.com";FR;MAA NATION;MAA NATION;Franchise
;MF0002;EAJA001;001;ACF;MAA;1;1;411000;418000;2021-10-01;;156 AVE DE VERSAILLES;75116;PARIS;"comptabilite@acuitis.com; jeremy.jorno@gmail.com";FR;MAA PARIS VERSAILLES;MAA PARIS VER;Franchise
;MF0003;AUDP001;001;ACF;MAA;1;1;411000;418000;2022-01-01;86 RUE DE ROME;1 RUE MONTGRAND;13006;MARSEILLE;"lyor.sayada@grandaudition.com; thomas.pencroffi@grandaudition.com";FR;MAA MARSEILLE;MAA MARSEILLE;Franchise
;MONT001;MONT001;001;ACF;ACF;1;1;411000;418000;2015-09-17;PHARMACIE OPTIQUE HIBERT;MES JARDINS VALSIGUIER;11170;MONTOLIEU;"frederic.hibert@acuitis.com; comptabilite@acuitis.com; optichibert@gmail.com";FR;MONTOLIEU;MONTOLIEU;Franchise
;NATIO;NATI001;001;ACF;ACF;1;1;411000;418000;2018-12-14;SERVICE DU PAY OUT MOBILIER;12 RUE DU PORT;92000;NANTERRE;"comptabilite@acuitis.com; michel.lecue@acuitis.com";FR;NATIOCREDIMURS;NATIOCREDIMUR;Franchise
;NETC001;NETC001;010;ACF;ACF;1;1;411000;418000;2018-07-11;;VIA GIUSEPPE RIAMONTI NR44;20141;MILANO;"nathalie-laure.advielle@acuitis.com; comptabilite@acuitis.com; giada.tempestini@netcityitalia.com";IT;VISION GROUP SPA;VISION GROUP ;Franchise
;NETC002;NETC001;010;ACF;ACF;1;1;411000;418000;2018-07-11;;VIA RIMINI 49;59100;PRATO;"nathalie-laure.advielle@acuitis.com; comptabilite@acuitis.com; giada.tempestini@netcityitalia.com";IT;NETCITY SRL;NETCITY;Franchise
;SAMU;SAMU001;031;ACF;ACF;1;1;411000;418000;2018-12-03;;DIZENGOF 17;64282;TEL AVIV;"nathalie-laure.advielle@acuitis.com;csmaule@netvision.net.il; csoptic0@gmail.com";IL;M CLAUDE SAMUEL;M CLAUDE SAMU;Franchise
;SDOAF;SDOAF;001;ACF;ACF;1;1;411800;418800;2019-03-26;;55 AVENUE VICTOR HUGO;75116;PARIS 16;comptabilite@acuitis.com;FR;SDOA;SDOA;Succursale
;SENSEE;SENS001;001;ACF;ACF;1;1;411000;418000;2021-02-09;;140 BLD HAUSMANN;75008;PARIS;"comptabilite@acuitis.com; g.aitkass@sensee.com";FR;SENSEE LMC;SENSEE;Franchise
;SITE;AF0998;001;ACF;ACF;1;1;411800;418800;2017-11-03;;55 AVE VICTOR HUGO;75116;PARIS 16;michel.lecue@acuitis.com;FR;ACUITIS INTERNET;INTERNET;Succursale
;UNIS000;UNIS001;001;ACF;UNI;1;1;411000;418000;2021-07-22;;61 RUE DE L ARCADE;75008;PARIS;"comptabilite@acuitis.com; direction@unisson.com; s.cesbron@arthex-ec.fr; msebilot@beausoleil.fr";FR;GROUPE BRP;GROUPE BRP;Franchise
;UNIS001;UNIS001;001;ACF;UNI;1;1;411000;418000;2019-05-02;MR PRADEL;61 RUE DE L'ARCADE (FOND DE COUR);75008;PARIS;"direction@unisson.com; s.cesbron@arthex-ec.fr; comptabilite@acuitis.com; msebilot@beausoleil.fr";FR;GROUPE BRP - UNISSON PARIS;GROUPE BRP;Franchise
;UNIS002;UNIS002;001;ACF;UNI;1;1;411000;418000;2019-06-07;;3 COURS CHARLEMAGNE;69002;LYON;"comptabilite@acuitis.com; s.cesbron@arthex-ec.fr; direction@unisson.com; msebilot@beausoleil.fr";FR;UNISSON LYON;UNISSON LYON;Franchise
;UNIS003;UNIS001;001;ACF;UNI;1;1;411000;418000;2020-09-24;MR PRADEL;CAP VAR, 148 AV GUYNEMER;6700;SAINT LAURENT DU VAR;"direction@unisson.com; s.cesbron@arthex-ec.fr; comptabilite@acuitis.com; msebilot@beausoleil.fr";FR;GROUPE BRP - UNISSON NICE;GROUPE BRP;Franchise
;UNIS004;UNIS001;001;ACF;UNI;1;1;411000;418000;2021-02-15;MR PRADEL;28 ALLÉES D'ORLÉANS;33000;BORDEAUX;"direction@unisson.com; s.cesbron@arthex-ec.fr; comptabilite@acuitis.com; msebilot@beausoleil.fr";FR;GROUPE BRP - UNISSON BORDEAUX;GROUPE BRP;Franchise
;UNIS005;UNIS001;001;ACF;UNI;1;1;411000;418000;2021-04-28;;9 11 RUE LEON TRULIN;59000;LILLE;"direction@unisson.com; s.cesbron@arthex-ec.fr; comptabilite@acuitis.com; msebilot@beausoleil.fr";FR;UNISSON LILLE;UNISSON LILLE;Franchise
;UNIS006;UNIS001;001;ACF;UNI;1;1;411000;418000;2022-06-01;;1 RUE GABRIEL PERI;31000;TOULOUSE;"direction@unisson.com; s.cesbron@arthex-ec.fr; comptabilite@acuitis.com; msebilot@beausoleil.fr";FR;UNISSON TOULOUSE;UNISSON TOULO;Franchise
